"database_id","exposure_id","target_id","comparator_id","outcome_id","analysis_id","sequence_number","description","subjects"
"cdmpv532_210831",3944,3944,3943,3269,1,1,"Original cohorts",1199
"cdmpv532_210831",3944,3944,3943,3269,1,2,"First exp. only & first cohort only & 180 days of obs. prior",1199
"cdmpv532_210831",3944,3944,3943,3269,1,3,"Have at least 1 days at risk",1199
"cdmpv532_210831",3944,3944,3943,3269,1,4,"Matched on propensity score",1074
"cdmpv532_210831",3943,3944,3943,3269,1,1,"Original cohorts",6142
"cdmpv532_210831",3943,3944,3943,3269,1,2,"First exp. only & first cohort only & 180 days of obs. prior",6142
"cdmpv532_210831",3943,3944,3943,3269,1,3,"Have at least 1 days at risk",6142
"cdmpv532_210831",3943,3944,3943,3269,1,4,"Matched on propensity score",2947
