"analysisId","analysisDescription","outcomeId","outcomeName","comparatorId","comparatorName","targetId","targetName","rr","ci95lb","ci95ub","p","target","comparator","targetDays","comparatorDays","eventsTarget","eventsComparator","logRr","seLogRr"
1,"5yr_Match on propensity score",3928,"[seol] Procedure for recurrence HNNC_Metformin",3938,"[seol] Operation_HNNC_NonMetformin",3937,"[seol] Operation_HNNC_Metformin",NA,NA,NA,NA,1,4,999,2036,0,0,NA,NA
1,"5yr_Match on propensity score",3939,"[seol] Procedure for recurrence HNNC_Statin",3941,"[seol] Operation_HNNC_NonStatin",3940,"[seol] Operation_HNNC_Statin",1.2454514245439,0.166270864553533,6.66838767714181,0.815699664235623,7,28,7176,20463,2,4,0.219498054191908,0.941730368136064
1,"5yr_Match on propensity score",3942,"[seol] Procedure for recurrence HNNC_Aspirin",3934,"[seol] Operation_HNNC_NonAspirin",3933,"[seol] Operation_HNNC_Aspirin",1.54310039303018,0.381883994952446,5.58469081877591,0.526171169921405,8,32,8296,18395,4,7,0.433793634796684,0.684366520906226
1,"5yr_Match on propensity score",73560,"Calcaneal spur",3934,"[seol] Operation_HNNC_NonAspirin",3933,"[seol] Operation_HNNC_Aspirin",NA,NA,NA,NA,8,32,9555,20848,0,0,NA,NA
1,"5yr_Match on propensity score",73560,"Calcaneal spur",3938,"[seol] Operation_HNNC_NonMetformin",3937,"[seol] Operation_HNNC_Metformin",NA,NA,NA,NA,1,4,999,2036,0,0,NA,NA
1,"5yr_Match on propensity score",73560,"Calcaneal spur",3941,"[seol] Operation_HNNC_NonStatin",3940,"[seol] Operation_HNNC_Statin",NA,NA,NA,NA,7,28,7541,21575,0,0,NA,NA
1,"5yr_Match on propensity score",81151,"Sprain of ankle",3934,"[seol] Operation_HNNC_NonAspirin",3933,"[seol] Operation_HNNC_Aspirin",NA,NA,NA,NA,8,32,9555,20848,0,0,NA,NA
1,"5yr_Match on propensity score",81151,"Sprain of ankle",3938,"[seol] Operation_HNNC_NonMetformin",3937,"[seol] Operation_HNNC_Metformin",NA,NA,NA,NA,1,4,999,2036,0,0,NA,NA
1,"5yr_Match on propensity score",81151,"Sprain of ankle",3941,"[seol] Operation_HNNC_NonStatin",3940,"[seol] Operation_HNNC_Statin",NA,NA,NA,NA,7,28,7541,21575,0,0,NA,NA
1,"5yr_Match on propensity score",81893,"Ulcerative colitis",3934,"[seol] Operation_HNNC_NonAspirin",3933,"[seol] Operation_HNNC_Aspirin",NA,NA,NA,NA,8,32,9555,20848,0,0,NA,NA
1,"5yr_Match on propensity score",81893,"Ulcerative colitis",3938,"[seol] Operation_HNNC_NonMetformin",3937,"[seol] Operation_HNNC_Metformin",NA,NA,NA,NA,1,4,999,2036,0,0,NA,NA
1,"5yr_Match on propensity score",81893,"Ulcerative colitis",3941,"[seol] Operation_HNNC_NonStatin",3940,"[seol] Operation_HNNC_Statin",NA,NA,NA,NA,7,28,7541,21575,0,0,NA,NA
1,"5yr_Match on propensity score",133141,"Tinea pedis",3934,"[seol] Operation_HNNC_NonAspirin",3933,"[seol] Operation_HNNC_Aspirin",NA,NA,NA,NA,8,32,9555,20848,0,0,NA,NA
1,"5yr_Match on propensity score",133141,"Tinea pedis",3938,"[seol] Operation_HNNC_NonMetformin",3937,"[seol] Operation_HNNC_Metformin",NA,NA,NA,NA,1,4,999,2036,0,0,NA,NA
1,"5yr_Match on propensity score",133141,"Tinea pedis",3941,"[seol] Operation_HNNC_NonStatin",3940,"[seol] Operation_HNNC_Statin",NA,NA,NA,NA,7,28,7541,21575,0,0,NA,NA
1,"5yr_Match on propensity score",140641,"Verruca vulgaris",3941,"[seol] Operation_HNNC_NonStatin",3940,"[seol] Operation_HNNC_Statin",NA,NA,NA,NA,7,28,7541,21575,0,0,NA,NA
1,"5yr_Match on propensity score",140641,"Verruca vulgaris",3934,"[seol] Operation_HNNC_NonAspirin",3933,"[seol] Operation_HNNC_Aspirin",NA,NA,NA,NA,8,32,9555,20848,0,0,NA,NA
1,"5yr_Match on propensity score",140641,"Verruca vulgaris",3938,"[seol] Operation_HNNC_NonMetformin",3937,"[seol] Operation_HNNC_Metformin",NA,NA,NA,NA,1,4,999,2036,0,0,NA,NA
1,"5yr_Match on propensity score",380038,"Viral conjunctivitis",3934,"[seol] Operation_HNNC_NonAspirin",3933,"[seol] Operation_HNNC_Aspirin",NA,NA,NA,NA,8,32,9555,20848,0,0,NA,NA
1,"5yr_Match on propensity score",380038,"Viral conjunctivitis",3938,"[seol] Operation_HNNC_NonMetformin",3937,"[seol] Operation_HNNC_Metformin",NA,NA,NA,NA,1,4,999,2036,0,0,NA,NA
1,"5yr_Match on propensity score",380038,"Viral conjunctivitis",3941,"[seol] Operation_HNNC_NonStatin",3940,"[seol] Operation_HNNC_Statin",NA,NA,NA,NA,7,28,7541,21575,0,0,NA,NA
1,"5yr_Match on propensity score",432513,"Animal bite wound",3934,"[seol] Operation_HNNC_NonAspirin",3933,"[seol] Operation_HNNC_Aspirin",NA,NA,NA,NA,8,32,9555,20848,0,0,NA,NA
1,"5yr_Match on propensity score",432513,"Animal bite wound",3938,"[seol] Operation_HNNC_NonMetformin",3937,"[seol] Operation_HNNC_Metformin",NA,NA,NA,NA,1,4,999,2036,0,0,NA,NA
1,"5yr_Match on propensity score",432513,"Animal bite wound",3941,"[seol] Operation_HNNC_NonStatin",3940,"[seol] Operation_HNNC_Statin",NA,NA,NA,NA,7,28,7541,21575,0,0,NA,NA
1,"5yr_Match on propensity score",437264,"Tobacco dependence syndrome",3934,"[seol] Operation_HNNC_NonAspirin",3933,"[seol] Operation_HNNC_Aspirin",NA,NA,NA,NA,8,32,9555,20848,0,0,NA,NA
1,"5yr_Match on propensity score",437264,"Tobacco dependence syndrome",3938,"[seol] Operation_HNNC_NonMetformin",3937,"[seol] Operation_HNNC_Metformin",NA,NA,NA,NA,1,4,999,2036,0,0,NA,NA
1,"5yr_Match on propensity score",437264,"Tobacco dependence syndrome",3941,"[seol] Operation_HNNC_NonStatin",3940,"[seol] Operation_HNNC_Statin",NA,NA,NA,NA,7,28,7541,21575,0,0,NA,NA
1,"5yr_Match on propensity score",440193,"Wristdrop",3941,"[seol] Operation_HNNC_NonStatin",3940,"[seol] Operation_HNNC_Statin",NA,NA,NA,NA,7,28,7541,21575,0,0,NA,NA
1,"5yr_Match on propensity score",440193,"Wristdrop",3938,"[seol] Operation_HNNC_NonMetformin",3937,"[seol] Operation_HNNC_Metformin",NA,NA,NA,NA,1,4,999,2036,0,0,NA,NA
1,"5yr_Match on propensity score",440193,"Wristdrop",3934,"[seol] Operation_HNNC_NonAspirin",3933,"[seol] Operation_HNNC_Aspirin",NA,NA,NA,NA,8,32,9555,20848,0,0,NA,NA
1,"5yr_Match on propensity score",444132,"Injury of knee",3934,"[seol] Operation_HNNC_NonAspirin",3933,"[seol] Operation_HNNC_Aspirin",1.73205080756888,0.0639856536722809,46.8855099201655,0.744116766389598,8,32,8555,20341,1,1,0.549306144334055,1.68288935535164
1,"5yr_Match on propensity score",444132,"Injury of knee",3938,"[seol] Operation_HNNC_NonMetformin",3937,"[seol] Operation_HNNC_Metformin",NA,NA,NA,NA,1,4,999,2036,0,0,NA,NA
1,"5yr_Match on propensity score",444132,"Injury of knee",3941,"[seol] Operation_HNNC_NonStatin",3940,"[seol] Operation_HNNC_Statin",NA,NA,NA,NA,7,28,6541,21575,1,0,NA,NA
1,"5yr_Match on propensity score",4115367,"Wrist joint pain",3934,"[seol] Operation_HNNC_NonAspirin",3933,"[seol] Operation_HNNC_Aspirin",NA,NA,NA,NA,8,32,9555,20848,0,0,NA,NA
1,"5yr_Match on propensity score",4115367,"Wrist joint pain",3938,"[seol] Operation_HNNC_NonMetformin",3937,"[seol] Operation_HNNC_Metformin",NA,NA,NA,NA,1,4,999,2036,0,0,NA,NA
1,"5yr_Match on propensity score",4115367,"Wrist joint pain",3941,"[seol] Operation_HNNC_NonStatin",3940,"[seol] Operation_HNNC_Statin",NA,NA,NA,NA,7,28,7541,21575,0,0,NA,NA
1,"5yr_Match on propensity score",4202045,"Postviral fatigue syndrome",3934,"[seol] Operation_HNNC_NonAspirin",3933,"[seol] Operation_HNNC_Aspirin",NA,NA,NA,NA,8,32,9555,20848,0,0,NA,NA
1,"5yr_Match on propensity score",4202045,"Postviral fatigue syndrome",3938,"[seol] Operation_HNNC_NonMetformin",3937,"[seol] Operation_HNNC_Metformin",NA,NA,NA,NA,1,4,999,2036,0,0,NA,NA
1,"5yr_Match on propensity score",4202045,"Postviral fatigue syndrome",3941,"[seol] Operation_HNNC_NonStatin",3940,"[seol] Operation_HNNC_Statin",NA,NA,NA,NA,7,28,7541,21575,0,0,NA,NA
1,"5yr_Match on propensity score",4207190,"Fungal infection by site",3938,"[seol] Operation_HNNC_NonMetformin",3937,"[seol] Operation_HNNC_Metformin",NA,NA,NA,NA,1,4,999,2036,0,0,NA,NA
1,"5yr_Match on propensity score",4207190,"Fungal infection by site",3941,"[seol] Operation_HNNC_NonStatin",3940,"[seol] Operation_HNNC_Statin",NA,NA,NA,NA,7,28,7541,21575,0,0,NA,NA
1,"5yr_Match on propensity score",4207190,"Fungal infection by site",3934,"[seol] Operation_HNNC_NonAspirin",3933,"[seol] Operation_HNNC_Aspirin",0.263597138115727,NA,19.2748154151161,NA,8,32,9555,20590,0,1,-1.33333333333333,NA
1,"5yr_Match on propensity score",4248870,"Visceroptosis",3934,"[seol] Operation_HNNC_NonAspirin",3933,"[seol] Operation_HNNC_Aspirin",NA,NA,NA,NA,8,32,9555,20848,0,0,NA,NA
1,"5yr_Match on propensity score",4248870,"Visceroptosis",3938,"[seol] Operation_HNNC_NonMetformin",3937,"[seol] Operation_HNNC_Metformin",NA,NA,NA,NA,1,4,999,2036,0,0,NA,NA
1,"5yr_Match on propensity score",4248870,"Visceroptosis",3941,"[seol] Operation_HNNC_NonStatin",3940,"[seol] Operation_HNNC_Statin",NA,NA,NA,NA,7,28,7541,21575,0,0,NA,NA
1,"5yr_Match on propensity score",4291005,"Viral hepatitis",3934,"[seol] Operation_HNNC_NonAspirin",3933,"[seol] Operation_HNNC_Aspirin",NA,NA,NA,NA,8,32,9555,20848,0,0,NA,NA
1,"5yr_Match on propensity score",4291005,"Viral hepatitis",3938,"[seol] Operation_HNNC_NonMetformin",3937,"[seol] Operation_HNNC_Metformin",NA,NA,NA,NA,1,4,999,2036,0,0,NA,NA
1,"5yr_Match on propensity score",4291005,"Viral hepatitis",3941,"[seol] Operation_HNNC_NonStatin",3940,"[seol] Operation_HNNC_Statin",0.28650479686019,NA,25.2598765010408,NA,7,28,7541,21285,0,1,-1.25,NA
1,"5yr_Match on propensity score",46286594,"Problem related to lifestyle",3934,"[seol] Operation_HNNC_NonAspirin",3933,"[seol] Operation_HNNC_Aspirin",NA,NA,NA,NA,8,32,9555,20848,0,0,NA,NA
1,"5yr_Match on propensity score",46286594,"Problem related to lifestyle",3938,"[seol] Operation_HNNC_NonMetformin",3937,"[seol] Operation_HNNC_Metformin",NA,NA,NA,NA,1,4,999,2036,0,0,NA,NA
1,"5yr_Match on propensity score",46286594,"Problem related to lifestyle",3941,"[seol] Operation_HNNC_NonStatin",3940,"[seol] Operation_HNNC_Statin",NA,NA,NA,NA,7,28,7541,21575,0,0,NA,NA
