"cohortDefinitionId","cohortName","cohortCount","personCount"
3928,"[seol] Procedure for recurrence HNNC_Metformin",491,106
3933,"[seol] Operation_HNNC_Aspirin",10,10
3934,"[seol] Operation_HNNC_NonAspirin",139,139
3937,"[seol] Operation_HNNC_Metformin",2,2
3938,"[seol] Operation_HNNC_NonMetformin",149,149
3939,"[seol] Procedure for recurrence HNNC_Statin",457,104
3940,"[seol] Operation_HNNC_Statin",8,8
3941,"[seol] Operation_HNNC_NonStatin",140,140
3942,"[seol] Procedure for recurrence HNNC_Aspirin",535,110
73560,"Calcaneal spur",46,10
81151,"Sprain of ankle",14296,3612
81893,"Ulcerative colitis",5623,186
133141,"Tinea pedis",16802,2420
140641,"Verruca vulgaris",13774,1858
380038,"Viral conjunctivitis",5435,1158
432513,"Animal bite wound",3762,1372
444132,"Injury of knee",28899,6182
4202045,"Postviral fatigue syndrome",4,1
4207190,"Fungal infection by site",67950,7206
4248870,"Visceroptosis",5685,624
4291005,"Viral hepatitis",51375,3136
46286594,"Problem related to lifestyle",60,1
