"database_id","exposure_id","target_id","comparator_id","outcome_id","analysis_id","sequence_number","description","subjects"
"cdmpv532_211109",3913,3913,3912,3269,1,1,"Original cohorts",3287
"cdmpv532_211109",3913,3913,3912,3269,1,2,"First exp. only & 180 days of obs. prior",3287
"cdmpv532_211109",3913,3913,3912,3269,1,3,"Matched on propensity score",3287
"cdmpv532_211109",3912,3913,3912,3269,1,1,"Original cohorts",77984
"cdmpv532_211109",3912,3913,3912,3269,1,2,"First exp. only & 180 days of obs. prior",77984
"cdmpv532_211109",3912,3913,3912,3269,1,3,"Matched on propensity score",10884
