"analysisId","analysisDescription","outcomeId","outcomeName","comparatorId","comparatorName","targetId","targetName","rr","ci95lb","ci95ub","p","target","comparator","targetDays","comparatorDays","eventsTarget","eventsComparator","logRr","seLogRr"
1,"Death_PLE",3269,"any death",3912,"[CBJ] noncardiac_noPACE_0day",3913,"[CBJ] noncardiac_PACE_0day",0.942050694114809,0.733624530350852,1.19970292264833,0.634229680165009,3287,10884,911959,2888441,95,289,-0.0596961904452689,0.125469622361554
1,"Death_PLE",72748,"Strain of rotator cuff capsule",3912,"[CBJ] noncardiac_noPACE_0day",3913,"[CBJ] noncardiac_PACE_0day",NA,NA,NA,NA,3287,10884,911959,2888441,0,0,NA,NA
1,"Death_PLE",73560,"Calcaneal spur",3912,"[CBJ] noncardiac_noPACE_0day",3913,"[CBJ] noncardiac_PACE_0day",NA,NA,NA,NA,3287,10884,911959,2888441,0,0,NA,NA
1,"Death_PLE",81151,"Sprain of ankle",3912,"[CBJ] noncardiac_noPACE_0day",3913,"[CBJ] noncardiac_PACE_0day",2.75549556858328,0.880570640779024,8.35573791300347,0.0774336964653217,3287,10884,910551,2886488,6,9,1.01359730613202,0.57402422239906
1,"Death_PLE",81634,"Ptotic breast",3912,"[CBJ] noncardiac_noPACE_0day",3913,"[CBJ] noncardiac_PACE_0day",NA,NA,NA,NA,3287,10884,911959,2888441,0,0,NA,NA
1,"Death_PLE",81893,"Ulcerative colitis",3912,"[CBJ] noncardiac_noPACE_0day",3913,"[CBJ] noncardiac_PACE_0day",0.253493601405836,0.0138281477490563,1.31593832673935,0.237636547942414,3287,10884,911638,2885646,1,12,-1.37241669727208,1.16216396723737
1,"Death_PLE",134461,"Tietze's disease",3912,"[CBJ] noncardiac_noPACE_0day",3913,"[CBJ] noncardiac_PACE_0day",NA,NA,NA,NA,3287,10884,911959,2888441,0,0,NA,NA
1,"Death_PLE",140641,"Verruca vulgaris",3912,"[CBJ] noncardiac_noPACE_0day",3913,"[CBJ] noncardiac_PACE_0day",0.8266749076666,0.326900058827987,1.83279294057908,0.665155090977335,3287,10884,910748,2883377,7,28,-0.190343759589376,0.439789149017301
1,"Death_PLE",141932,"Senile hyperkeratosis",3912,"[CBJ] noncardiac_noPACE_0day",3913,"[CBJ] noncardiac_PACE_0day",1.23101088512888,0.451763650703855,3.08370959998162,0.671447481815738,3287,10884,910176,2885256,7,17,0.207835689672464,0.489990998704248
1,"Death_PLE",194083,"Vaginitis and vulvovaginitis",3912,"[CBJ] noncardiac_noPACE_0day",3913,"[CBJ] noncardiac_PACE_0day",NA,NA,NA,NA,3287,10884,911959,2888441,0,0,NA,NA
1,"Death_PLE",196236,"Septic shock",3912,"[CBJ] noncardiac_noPACE_0day",3913,"[CBJ] noncardiac_PACE_0day",1.44141819293463,0.811260943237501,2.48453885687322,0.200359779970947,3287,10884,909929,2882907,20,42,0.365627485139825,0.285528867413879
1,"Death_PLE",253954,"Pulmonary tuberculosis",3912,"[CBJ] noncardiac_noPACE_0day",3913,"[CBJ] noncardiac_PACE_0day",0.926074938947253,0.558019287664813,1.47652895790975,0.757027058059166,3287,10884,907318,2869858,22,80,-0.0768001200215921,0.248233078187086
1,"Death_PLE",254443,"Sjögren's syndrome",3912,"[CBJ] noncardiac_noPACE_0day",3913,"[CBJ] noncardiac_PACE_0day",0.265219570223036,0.0422920059357065,0.907712929580403,0.0897610867883809,3287,10884,911322,2882184,2,23,-1.32719722918858,0.78224143727369
1,"Death_PLE",378427,"Tear film insufficiency",3912,"[CBJ] noncardiac_noPACE_0day",3913,"[CBJ] noncardiac_PACE_0day",1.03765087021593,0.850093918286978,1.25973793975316,0.712609294188372,3287,10884,878546,2788195,146,449,0.0369593796262725,0.100336578021435
1,"Death_PLE",380038,"Viral conjunctivitis",3912,"[CBJ] noncardiac_noPACE_0day",3913,"[CBJ] noncardiac_PACE_0day",0.28650479686019,NA,7.19861403700602,NA,3287,10884,911959,2887909,0,3,-1.25,NA
1,"Death_PLE",380706,"Regular astigmatism",3912,"[CBJ] noncardiac_noPACE_0day",3913,"[CBJ] noncardiac_PACE_0day",NA,NA,NA,NA,3287,10884,911959,2888441,0,0,NA,NA
1,"Death_PLE",434327,"Cannabis abuse",3912,"[CBJ] noncardiac_noPACE_0day",3913,"[CBJ] noncardiac_PACE_0day",NA,NA,NA,NA,3287,10884,911959,2888441,0,0,NA,NA
1,"Death_PLE",437264,"Tobacco dependence syndrome",3912,"[CBJ] noncardiac_noPACE_0day",3913,"[CBJ] noncardiac_PACE_0day",NA,NA,NA,NA,3287,10884,911959,2888441,0,0,NA,NA
1,"Death_PLE",438688,"Sarcoidosis",3912,"[CBJ] noncardiac_noPACE_0day",3913,"[CBJ] noncardiac_PACE_0day",53030183275361080,3.69095044501286,NA,NA,3287,10884,911207,2888441,3,0,38.5096376421232,NA
1,"Death_PLE",439790,"Psychalgia",3912,"[CBJ] noncardiac_noPACE_0day",3913,"[CBJ] noncardiac_PACE_0day",NA,NA,NA,NA,3287,10884,911959,2888441,0,0,NA,NA
1,"Death_PLE",440193,"Wristdrop",3912,"[CBJ] noncardiac_noPACE_0day",3913,"[CBJ] noncardiac_PACE_0day",NA,NA,NA,NA,3287,10884,911959,2888441,0,0,NA,NA
1,"Death_PLE",443172,"Splinter of face, without major open wound",3912,"[CBJ] noncardiac_noPACE_0day",3913,"[CBJ] noncardiac_PACE_0day",NA,NA,NA,NA,3287,10884,911959,2888441,0,0,NA,NA
1,"Death_PLE",4030042,"Toxic goiter",3912,"[CBJ] noncardiac_noPACE_0day",3913,"[CBJ] noncardiac_PACE_0day",1.15477502255828,0.588717061716114,2.15333532114846,0.663573973628478,3287,10884,907620,2878702,14,37,0.143905539336736,0.330829429478153
1,"Death_PLE",4087647,"Rectal mass",3912,"[CBJ] noncardiac_noPACE_0day",3913,"[CBJ] noncardiac_PACE_0day",0.540529227595283,0.33886733629313,0.826405362075976,0.00682765034396339,3287,10884,905352,2854452,24,144,-0.615206568257974,0.227421707968172
1,"Death_PLE",4115367,"Wrist joint pain",3912,"[CBJ] noncardiac_noPACE_0day",3913,"[CBJ] noncardiac_PACE_0day",NA,NA,NA,NA,3287,10884,911959,2888441,0,0,NA,NA
1,"Death_PLE",4169984,"Scar",3912,"[CBJ] noncardiac_noPACE_0day",3913,"[CBJ] noncardiac_PACE_0day",1.90484524444104,1.03939679753496,3.43233009841061,0.0344707708286174,3287,10884,907037,2881103,20,32,0.644400768764909,0.304750196030968
1,"Death_PLE",4213540,"Cervical somatic dysfunction",3912,"[CBJ] noncardiac_noPACE_0day",3913,"[CBJ] noncardiac_PACE_0day",NA,NA,NA,NA,3287,10884,911959,2888441,0,0,NA,NA
1,"Death_PLE",4234533,"Tonsillitis",3912,"[CBJ] noncardiac_noPACE_0day",3913,"[CBJ] noncardiac_PACE_0day",0.619308849547632,0.28130937459406,1.21714176089297,0.199757061575032,3287,10884,910260,2878297,9,49,-0.479151181542879,0.373681746384414
1,"Death_PLE",4248870,"Visceroptosis",3912,"[CBJ] noncardiac_noPACE_0day",3913,"[CBJ] noncardiac_PACE_0day",0.772647869213119,0.407709924733304,1.3720896586101,0.404751615792933,3287,10884,908027,2874423,14,57,-0.257931872070917,0.309580740209769
1,"Death_PLE",4291005,"Viral hepatitis",3912,"[CBJ] noncardiac_noPACE_0day",3913,"[CBJ] noncardiac_PACE_0day",0.647831383002176,0.465669889285398,0.88312546270937,0.0078371551451721,3287,10884,899649,2830141,48,231,-0.434124827907122,0.163265828205601
1,"Death_PLE",36713918,"Somatic dysfunction of lumbar region",3912,"[CBJ] noncardiac_noPACE_0day",3913,"[CBJ] noncardiac_PACE_0day",NA,NA,NA,NA,3287,10884,911959,2888441,0,0,NA,NA
