"cohortDefinitionId","cohortName","cohortCount","personCount"
3269,"any death",8125,8125
3912,"[CBJ] noncardiac_noPACE_0day",128683,77984
3913,"[CBJ] noncardiac_PACE_0day",4907,3287
73560,"Calcaneal spur",218,40
81151,"Sprain of ankle",4176,1376
81893,"Ulcerative colitis",16140,491
134461,"Tietze's disease",120,74
140641,"Verruca vulgaris",36930,5779
141932,"Senile hyperkeratosis",3796,1263
196236,"Septic shock",3444,1546
253954,"Pulmonary tuberculosis",54439,4647
254443,"Sjögren's syndrome",24820,739
378427,"Tear film insufficiency",167543,22161
380038,"Viral conjunctivitis",2590,654
380706,"Regular astigmatism",599,131
438688,"Sarcoidosis",1877,98
4030042,"Toxic goiter",54656,3613
4087647,"Rectal mass",36449,2848
4169984,"Scar",31881,4353
4234533,"Tonsillitis",40285,10249
4248870,"Visceroptosis",10763,1969
4291005,"Viral hepatitis",158463,10020
