"cohortDefinitionId","cohortName","cohortCount","personCount"
3269,"any death",6358,6358
3943,"[CBJ] noncardiac_noPACE_0day_nonminor7",26825,26825
3944,"[CBJ] noncardiac_PACE_0day_nonminor7",636,636
73560,"Calcaneal spur",74,28
81893,"Ulcerative colitis",5799,395
134461,"Tietze's disease",640,328
140641,"Verruca vulgaris",28608,5154
141932,"Senile hyperkeratosis",7354,3017
196236,"Septic shock",2400,749
253954,"Pulmonary tuberculosis",14095,1316
254443,"Sjögren's syndrome",9008,439
378427,"Tear film insufficiency",15334,6269
380038,"Viral conjunctivitis",4081,1861
380706,"Regular astigmatism",386,116
438688,"Sarcoidosis",872,64
4030042,"Toxic goiter",17547,1266
4087647,"Rectal mass",35302,2094
4169984,"Scar",10869,2177
4234533,"Tonsillitis",47785,19338
4248870,"Visceroptosis",3219,672
4291005,"Viral hepatitis",75198,6927
