"cohortDefinitionId","cohortName","cohortCount","personCount"
3269,"any death",34,34
3943,"[CBJ] noncardiac_noPACE_0day_nonminor7",6142,6142
3944,"[CBJ] noncardiac_PACE_0day_nonminor7",1199,1199
73560,"Calcaneal spur",4,1
81151,"Sprain of ankle",6873,1605
81893,"Ulcerative colitis",887,71
134461,"Tietze's disease",14365,4937
140641,"Verruca vulgaris",252,97
141932,"Senile hyperkeratosis",57,39
196236,"Septic shock",1155,345
253954,"Pulmonary tuberculosis",8281,864
254443,"Sjögren's syndrome",292,56
378427,"Tear film insufficiency",825,176
380038,"Viral conjunctivitis",218,66
438688,"Sarcoidosis",150,12
4030042,"Toxic goiter",12825,637
4087647,"Rectal mass",4625,519
4169984,"Scar",1213,272
4234533,"Tonsillitis",5101,1877
4248870,"Visceroptosis",2883,305
4291005,"Viral hepatitis",16458,1630
