"cohortDefinitionId","cohortName","cohortCount","personCount"
3269,"any death",5496,5496
3943,"[CBJ] noncardiac_noPACE_0day_nonminor7",1535,1535
3944,"[CBJ] noncardiac_PACE_0day_nonminor7",199,199
73560,"Calcaneal spur",11,6
81151,"Sprain of ankle",6306,3769
81893,"Ulcerative colitis",2462,156
134461,"Tietze's disease",560,358
140641,"Verruca vulgaris",35337,6391
141932,"Senile hyperkeratosis",4244,2190
196236,"Septic shock",1085,780
253954,"Pulmonary tuberculosis",12187,1722
254443,"Sjögren's syndrome",4510,449
378427,"Tear film insufficiency",45325,11099
380038,"Viral conjunctivitis",4773,2358
380706,"Regular astigmatism",1672,565
438688,"Sarcoidosis",49,19
4030042,"Toxic goiter",16986,1555
4087647,"Rectal mass",11834,1357
4169984,"Scar",8014,1974
4234533,"Tonsillitis",57557,27383
4248870,"Visceroptosis",2857,720
4291005,"Viral hepatitis",53743,5904
