"cohortDefinitionId","cohortName","cohortCount","personCount"
3269,"any death",2935,2935
3912,"[CBJ] noncardiac_noPACE_0day",18141,12166
3913,"[CBJ] noncardiac_PACE_0day",416,313
73560,"Calcaneal spur",32,2
81151,"Sprain of ankle",1270,657
81893,"Ulcerative colitis",4562,178
134461,"Tietze's disease",128,64
140641,"Verruca vulgaris",2287,558
141932,"Senile hyperkeratosis",767,517
196236,"Septic shock",1234,597
253954,"Pulmonary tuberculosis",11158,741
254443,"Sjögren's syndrome",6534,207
378427,"Tear film insufficiency",1115,405
380038,"Viral conjunctivitis",557,204
380706,"Regular astigmatism",185,44
438688,"Sarcoidosis",526,28
4030042,"Toxic goiter",16627,856
4087647,"Rectal mass",21194,1667
4169984,"Scar",5374,1082
4234533,"Tonsillitis",2621,1167
4248870,"Visceroptosis",848,152
4291005,"Viral hepatitis",25181,2638
