"database_id","exposure_id","target_id","comparator_id","outcome_id","analysis_id","sequence_number","description","subjects"
"cdmpv532_211220",3944,3944,3943,3269,1,1,"Original cohorts",892
"cdmpv532_211220",3944,3944,3943,3269,1,2,"First exp. only & first cohort only & 180 days of obs. prior",892
"cdmpv532_211220",3944,3944,3943,3269,1,3,"Have at least 1 days at risk",892
"cdmpv532_211220",3944,3944,3943,3269,1,4,"Matched on propensity score",886
"cdmpv532_211220",3943,3944,3943,3269,1,1,"Original cohorts",52270
"cdmpv532_211220",3943,3944,3943,3269,1,2,"First exp. only & first cohort only & 180 days of obs. prior",52270
"cdmpv532_211220",3943,3944,3943,3269,1,3,"Have at least 1 days at risk",52270
"cdmpv532_211220",3943,3944,3943,3269,1,4,"Matched on propensity score",3349
