"database_id","exposure_id","target_id","comparator_id","outcome_id","analysis_id","sequence_number","description","subjects"
"cdmpv532_220228",3944,3944,3943,3269,1,1,"Original cohorts",1107
"cdmpv532_220228",3944,3944,3943,3269,1,2,"First exp. only & first cohort only & 180 days of obs. prior",1107
"cdmpv532_220228",3944,3944,3943,3269,1,3,"Have at least 1 days at risk",1107
"cdmpv532_220228",3944,3944,3943,3269,1,4,"Matched on propensity score",1101
"cdmpv532_220228",3943,3944,3943,3269,1,1,"Original cohorts",25331
"cdmpv532_220228",3943,3944,3943,3269,1,2,"First exp. only & first cohort only & 180 days of obs. prior",25331
"cdmpv532_220228",3943,3944,3943,3269,1,3,"Have at least 1 days at risk",25331
"cdmpv532_220228",3943,3944,3943,3269,1,4,"Matched on propensity score",3843
