"database_id","exposure_id","target_id","comparator_id","outcome_id","analysis_id","sequence_number","description","subjects"
"cdmpv531",3944,3944,3943,3269,1,1,"Original cohorts",639
"cdmpv531",3944,3944,3943,3269,1,2,"First exp. only & first cohort only & 180 days of obs. prior",639
"cdmpv531",3944,3944,3943,3269,1,3,"Have at least 1 days at risk",639
"cdmpv531",3944,3944,3943,3269,1,4,"Matched on propensity score",638
"cdmpv531",3943,3944,3943,3269,1,1,"Original cohorts",18367
"cdmpv531",3943,3944,3943,3269,1,2,"First exp. only & first cohort only & 180 days of obs. prior",18367
"cdmpv531",3943,3944,3943,3269,1,3,"Have at least 1 days at risk",18367
"cdmpv531",3943,3944,3943,3269,1,4,"Matched on propensity score",2249
