"analysisId","analysisDescription","outcomeId","outcomeName","comparatorId","comparatorName","targetId","targetName","rr","ci95lb","ci95ub","p","target","comparator","targetDays","comparatorDays","eventsTarget","eventsComparator","logRr","seLogRr"
1,"Death_PLE",3269,"any death",3912,"[CBJ] noncardiac_noPACE_0day",3913,"[CBJ] noncardiac_PACE_0day",0.993597678609812,0.762628036463848,1.28254412902648,0.961370596663294,1377,4760,388380,1333772,84,268,-0.00642290414843339,0.132612277085683
1,"Death_PLE",72748,"Strain of rotator cuff capsule",3912,"[CBJ] noncardiac_noPACE_0day",3913,"[CBJ] noncardiac_PACE_0day",NA,NA,NA,NA,1377,4760,388380,1333772,0,0,NA,NA
1,"Death_PLE",73560,"Calcaneal spur",3912,"[CBJ] noncardiac_noPACE_0day",3913,"[CBJ] noncardiac_PACE_0day",NA,NA,NA,NA,1377,4760,388380,1333772,0,0,NA,NA
1,"Death_PLE",81151,"Sprain of ankle",3912,"[CBJ] noncardiac_noPACE_0day",3913,"[CBJ] noncardiac_PACE_0day",0.886000936329383,0.0452451236396462,6.01467987047326,0.922703556060703,1377,4760,388354,1332647,1,5,-0.121037271572442,1.24743708155543
1,"Death_PLE",81634,"Ptotic breast",3912,"[CBJ] noncardiac_noPACE_0day",3913,"[CBJ] noncardiac_PACE_0day",NA,NA,NA,NA,1377,4760,388380,1333772,0,0,NA,NA
1,"Death_PLE",81893,"Ulcerative colitis",3912,"[CBJ] noncardiac_noPACE_0day",3913,"[CBJ] noncardiac_PACE_0day",1.23606797749979,0.0610515220453303,9.68672967343414,0.86975955975625,1377,4760,388071,1333173,1,3,0.211935355500342,1.29257324662896
1,"Death_PLE",134461,"Tietze's disease",3912,"[CBJ] noncardiac_noPACE_0day",3913,"[CBJ] noncardiac_PACE_0day",2.82842712474619,0.108914540538617,73.4520841793708,0.531518761269149,1377,4760,388328,1333550,1,1,1.03972077083992,1.66172058902739
1,"Death_PLE",140641,"Verruca vulgaris",3912,"[CBJ] noncardiac_noPACE_0day",3913,"[CBJ] noncardiac_PACE_0day",1.01234789340215,0.140678948822159,4.8793755451468,0.98917680290316,1377,4760,387927,1332348,3,6,0.0122722799744693,0.904682999563793
1,"Death_PLE",141932,"Senile hyperkeratosis",3912,"[CBJ] noncardiac_noPACE_0day",3913,"[CBJ] noncardiac_PACE_0day",1.86405766004545,0.841155444907301,3.94451026731303,0.114169480687705,1377,4760,386615,1328925,11,24,0.622755649285747,0.394217348214146
1,"Death_PLE",194083,"Vaginitis and vulvovaginitis",3912,"[CBJ] noncardiac_noPACE_0day",3913,"[CBJ] noncardiac_PACE_0day",NA,NA,NA,NA,1377,4760,388380,1333772,0,0,NA,NA
1,"Death_PLE",196236,"Septic shock",3912,"[CBJ] noncardiac_noPACE_0day",3913,"[CBJ] noncardiac_PACE_0day",1.84418609966735,0.726228126270018,4.40108471902578,0.183001661123777,1377,4760,387442,1332859,8,13,0.612038041770647,0.459636539703645
1,"Death_PLE",253954,"Pulmonary tuberculosis",3912,"[CBJ] noncardiac_noPACE_0day",3913,"[CBJ] noncardiac_PACE_0day",0.848377700051733,0.273684689516599,2.19468086392855,0.756857420984524,1377,4760,387101,1329954,5,19,-0.164429341347415,0.531085076948825
1,"Death_PLE",254443,"Sjögren's syndrome",3912,"[CBJ] noncardiac_noPACE_0day",3913,"[CBJ] noncardiac_PACE_0day",4,0.158306952408811,101.069471406926,0.400163051790206,1377,4760,388095,1333439,1,1,1.38629436111989,1.64774137711557
1,"Death_PLE",378427,"Tear film insufficiency",3912,"[CBJ] noncardiac_noPACE_0day",3913,"[CBJ] noncardiac_PACE_0day",1.10972399069329,0.917043877963501,1.33664135847521,0.27871671876709,1377,4760,352915,1237383,175,468,0.104111327370888,0.0961140051640855
1,"Death_PLE",380038,"Viral conjunctivitis",3912,"[CBJ] noncardiac_noPACE_0day",3913,"[CBJ] noncardiac_PACE_0day",1.40831891575846,0.201298057065457,6.5577918619406,0.700029882913035,1377,4760,387890,1332758,2,5,0.342396734757354,0.888695548917309
1,"Death_PLE",380706,"Regular astigmatism",3912,"[CBJ] noncardiac_noPACE_0day",3913,"[CBJ] noncardiac_PACE_0day",1.2169495927515,0.927367724768829,1.58239862364559,0.149757261371081,1377,4760,371081,1286514,83,222,0.196347393880129,0.136315495026211
1,"Death_PLE",434327,"Cannabis abuse",3912,"[CBJ] noncardiac_noPACE_0day",3913,"[CBJ] noncardiac_PACE_0day",NA,NA,NA,NA,1377,4760,388380,1333772,0,0,NA,NA
1,"Death_PLE",437264,"Tobacco dependence syndrome",3912,"[CBJ] noncardiac_noPACE_0day",3913,"[CBJ] noncardiac_PACE_0day",NA,NA,NA,NA,1377,4760,388380,1333772,0,0,NA,NA
1,"Death_PLE",438688,"Sarcoidosis",3912,"[CBJ] noncardiac_noPACE_0day",3913,"[CBJ] noncardiac_PACE_0day",NA,NA,NA,NA,1377,4760,388380,1333772,0,0,NA,NA
1,"Death_PLE",439790,"Psychalgia",3912,"[CBJ] noncardiac_noPACE_0day",3913,"[CBJ] noncardiac_PACE_0day",NA,NA,NA,NA,1377,4760,388380,1333772,0,0,NA,NA
1,"Death_PLE",440193,"Wristdrop",3912,"[CBJ] noncardiac_noPACE_0day",3913,"[CBJ] noncardiac_PACE_0day",NA,NA,NA,NA,1377,4760,388380,1333772,0,0,NA,NA
1,"Death_PLE",443172,"Splinter of face, without major open wound",3912,"[CBJ] noncardiac_noPACE_0day",3913,"[CBJ] noncardiac_PACE_0day",NA,NA,NA,NA,1377,4760,388380,1333772,0,0,NA,NA
1,"Death_PLE",4030042,"Toxic goiter",3912,"[CBJ] noncardiac_noPACE_0day",3913,"[CBJ] noncardiac_PACE_0day",0.27987610952825,NA,2.73807012548294,NA,1377,4760,388380,1332910,0,4,-1.27340823970037,NA
1,"Death_PLE",4087647,"Rectal mass",3912,"[CBJ] noncardiac_noPACE_0day",3913,"[CBJ] noncardiac_PACE_0day",0.89295418988109,0.564048724222735,1.36464805436231,0.615435363944567,1377,4760,381590,1307834,27,109,-0.113219998546803,0.225389651921744
1,"Death_PLE",4115367,"Wrist joint pain",3912,"[CBJ] noncardiac_noPACE_0day",3913,"[CBJ] noncardiac_PACE_0day",NA,NA,NA,NA,1377,4760,388380,1333772,0,0,NA,NA
1,"Death_PLE",4169984,"Scar",3912,"[CBJ] noncardiac_noPACE_0day",3913,"[CBJ] noncardiac_PACE_0day",0.577680173985052,0.166572038036545,1.5382581336411,0.333233466005589,1377,4760,387456,1328893,5,24,-0.548734895660314,0.567096669633991
1,"Death_PLE",4213540,"Cervical somatic dysfunction",3912,"[CBJ] noncardiac_noPACE_0day",3913,"[CBJ] noncardiac_PACE_0day",NA,NA,NA,NA,1377,4760,388380,1333772,0,0,NA,NA
1,"Death_PLE",4234533,"Tonsillitis",3912,"[CBJ] noncardiac_noPACE_0day",3913,"[CBJ] noncardiac_PACE_0day",0.279307772775084,NA,1.03398560611748,NA,1377,4760,388380,1331323,0,11,-1.27544097693351,NA
1,"Death_PLE",4248870,"Visceroptosis",3912,"[CBJ] noncardiac_noPACE_0day",3913,"[CBJ] noncardiac_PACE_0day",0.327815387534831,0.0179279394426827,1.68947153722452,0.336177350902901,1377,4760,388059,1330302,1,12,-1.11530467193512,1.15966689600413
1,"Death_PLE",4291005,"Viral hepatitis",3912,"[CBJ] noncardiac_noPACE_0day",3913,"[CBJ] noncardiac_PACE_0day",0.565421065506431,0.230187962370468,1.19456107455376,0.174666454024662,1377,4760,386647,1323693,8,42,-0.570184576711656,0.420068405690491
1,"Death_PLE",36713918,"Somatic dysfunction of lumbar region",3912,"[CBJ] noncardiac_noPACE_0day",3913,"[CBJ] noncardiac_PACE_0day",NA,NA,NA,NA,1377,4760,388380,1333772,0,0,NA,NA
