"database_id","exposure_id","target_id","comparator_id","outcome_id","analysis_id","sequence_number","description","subjects"
"cdmpv532_220425",3944,3944,3943,3269,1,1,"Original cohorts",857
"cdmpv532_220425",3944,3944,3943,3269,1,2,"First exp. only & first cohort only & 180 days of obs. prior",857
"cdmpv532_220425",3944,3944,3943,3269,1,3,"Have at least 1 days at risk",857
"cdmpv532_220425",3944,3944,3943,3269,1,4,"Matched on propensity score",855
"cdmpv532_220425",3943,3944,3943,3269,1,1,"Original cohorts",21877
"cdmpv532_220425",3943,3944,3943,3269,1,2,"First exp. only & first cohort only & 180 days of obs. prior",21877
"cdmpv532_220425",3943,3944,3943,3269,1,3,"Have at least 1 days at risk",21877
"cdmpv532_220425",3943,3944,3943,3269,1,4,"Matched on propensity score",3310
