"analysisId","analysisDescription","outcomeId","outcomeName","comparatorId","comparatorName","targetId","targetName","rr","ci95lb","ci95ub","p","target","comparator","targetDays","comparatorDays","eventsTarget","eventsComparator","logRr","seLogRr"
1,"5yr_Match on propensity score",3928,"[seol] Procedure for recurrence HNNC_Metformin",3938,"[seol] Operation_HNNC_NonMetformin",3937,"[seol] Operation_HNNC_Metformin",1.16816230647161,0.679975301217919,1.93771193528792,0.56069062107889,51,204,46172,141820,22,71,0.155431835772063,0.267149466441332
1,"5yr_Match on propensity score",3939,"[seol] Procedure for recurrence HNNC_Statin",3941,"[seol] Operation_HNNC_NonStatin",3940,"[seol] Operation_HNNC_Statin",0.907480511669032,0.635237879819932,1.27329775247136,0.584187133942164,107,416,91042,260921,49,166,-0.0970831878185857,0.177392526676421
1,"5yr_Match on propensity score",3942,"[seol] Procedure for recurrence HNNC_Aspirin",3934,"[seol] Operation_HNNC_NonAspirin",3933,"[seol] Operation_HNNC_Aspirin",1.01566744233274,0.63129210519273,1.58495899456425,0.947219449185715,58,226,42664,144525,28,90,0.0155459750365848,0.234837257888393
1,"5yr_Match on propensity score",73560,"Calcaneal spur",3934,"[seol] Operation_HNNC_NonAspirin",3933,"[seol] Operation_HNNC_Aspirin",NA,NA,NA,NA,58,226,68902,214204,0,0,NA,NA
1,"5yr_Match on propensity score",73560,"Calcaneal spur",3938,"[seol] Operation_HNNC_NonMetformin",3937,"[seol] Operation_HNNC_Metformin",NA,NA,NA,NA,51,204,64811,203725,0,0,NA,NA
1,"5yr_Match on propensity score",73560,"Calcaneal spur",3941,"[seol] Operation_HNNC_NonStatin",3940,"[seol] Operation_HNNC_Statin",NA,NA,NA,NA,107,416,134927,370334,0,0,NA,NA
1,"5yr_Match on propensity score",81151,"Sprain of ankle",3934,"[seol] Operation_HNNC_NonAspirin",3933,"[seol] Operation_HNNC_Aspirin",NA,NA,NA,NA,58,226,68902,214204,0,0,NA,NA
1,"5yr_Match on propensity score",81151,"Sprain of ankle",3938,"[seol] Operation_HNNC_NonMetformin",3937,"[seol] Operation_HNNC_Metformin",NA,NA,NA,NA,51,204,64811,203725,0,0,NA,NA
1,"5yr_Match on propensity score",81151,"Sprain of ankle",3941,"[seol] Operation_HNNC_NonStatin",3940,"[seol] Operation_HNNC_Statin",NA,NA,NA,NA,107,416,134927,370334,0,0,NA,NA
1,"5yr_Match on propensity score",81893,"Ulcerative colitis",3934,"[seol] Operation_HNNC_NonAspirin",3933,"[seol] Operation_HNNC_Aspirin",NA,NA,NA,NA,58,226,68902,214204,0,0,NA,NA
1,"5yr_Match on propensity score",81893,"Ulcerative colitis",3938,"[seol] Operation_HNNC_NonMetformin",3937,"[seol] Operation_HNNC_Metformin",NA,NA,NA,NA,51,204,64811,203725,0,0,NA,NA
1,"5yr_Match on propensity score",81893,"Ulcerative colitis",3941,"[seol] Operation_HNNC_NonStatin",3940,"[seol] Operation_HNNC_Statin",0.263597138115727,NA,19.2748154151161,NA,107,416,134927,370334,0,1,-1.33333333333333,NA
1,"5yr_Match on propensity score",133141,"Tinea pedis",3934,"[seol] Operation_HNNC_NonAspirin",3933,"[seol] Operation_HNNC_Aspirin",0.28650479686019,NA,25.2598765010408,NA,58,226,68902,213152,0,1,-1.25,NA
1,"5yr_Match on propensity score",133141,"Tinea pedis",3938,"[seol] Operation_HNNC_NonMetformin",3937,"[seol] Operation_HNNC_Metformin",NA,NA,NA,NA,51,204,63759,203725,1,0,NA,NA
1,"5yr_Match on propensity score",133141,"Tinea pedis",3941,"[seol] Operation_HNNC_NonStatin",3940,"[seol] Operation_HNNC_Statin",NA,NA,NA,NA,107,416,133051,370334,2,0,NA,NA
1,"5yr_Match on propensity score",140641,"Verruca vulgaris",3941,"[seol] Operation_HNNC_NonStatin",3940,"[seol] Operation_HNNC_Statin",0.263597138115727,NA,19.2748154151161,NA,107,416,134927,368759,0,1,-1.33333333333333,NA
1,"5yr_Match on propensity score",140641,"Verruca vulgaris",3934,"[seol] Operation_HNNC_NonAspirin",3933,"[seol] Operation_HNNC_Aspirin",0.263597138115727,NA,19.2748154151161,NA,58,226,68902,212629,0,1,-1.33333333333333,NA
1,"5yr_Match on propensity score",140641,"Verruca vulgaris",3938,"[seol] Operation_HNNC_NonMetformin",3937,"[seol] Operation_HNNC_Metformin",NA,NA,NA,NA,51,204,64811,203725,0,0,NA,NA
1,"5yr_Match on propensity score",380038,"Viral conjunctivitis",3934,"[seol] Operation_HNNC_NonAspirin",3933,"[seol] Operation_HNNC_Aspirin",NA,NA,NA,NA,58,226,68902,214204,0,0,NA,NA
1,"5yr_Match on propensity score",380038,"Viral conjunctivitis",3938,"[seol] Operation_HNNC_NonMetformin",3937,"[seol] Operation_HNNC_Metformin",NA,NA,NA,NA,51,204,64561,203725,1,0,NA,NA
1,"5yr_Match on propensity score",380038,"Viral conjunctivitis",3941,"[seol] Operation_HNNC_NonStatin",3940,"[seol] Operation_HNNC_Statin",NA,NA,NA,NA,107,416,134677,370334,1,0,NA,NA
1,"5yr_Match on propensity score",432513,"Animal bite wound",3934,"[seol] Operation_HNNC_NonAspirin",3933,"[seol] Operation_HNNC_Aspirin",NA,NA,NA,NA,58,226,68902,214204,0,0,NA,NA
1,"5yr_Match on propensity score",432513,"Animal bite wound",3938,"[seol] Operation_HNNC_NonMetformin",3937,"[seol] Operation_HNNC_Metformin",NA,NA,NA,NA,51,204,64811,203725,0,0,NA,NA
1,"5yr_Match on propensity score",432513,"Animal bite wound",3941,"[seol] Operation_HNNC_NonStatin",3940,"[seol] Operation_HNNC_Statin",NA,NA,NA,NA,107,416,134927,370334,0,0,NA,NA
1,"5yr_Match on propensity score",437264,"Tobacco dependence syndrome",3934,"[seol] Operation_HNNC_NonAspirin",3933,"[seol] Operation_HNNC_Aspirin",NA,NA,NA,NA,58,226,68902,214204,0,0,NA,NA
1,"5yr_Match on propensity score",437264,"Tobacco dependence syndrome",3938,"[seol] Operation_HNNC_NonMetformin",3937,"[seol] Operation_HNNC_Metformin",NA,NA,NA,NA,51,204,64811,203725,0,0,NA,NA
1,"5yr_Match on propensity score",437264,"Tobacco dependence syndrome",3941,"[seol] Operation_HNNC_NonStatin",3940,"[seol] Operation_HNNC_Statin",NA,NA,NA,NA,107,416,134927,370334,0,0,NA,NA
1,"5yr_Match on propensity score",440193,"Wristdrop",3941,"[seol] Operation_HNNC_NonStatin",3940,"[seol] Operation_HNNC_Statin",NA,NA,NA,NA,107,416,134927,370334,0,0,NA,NA
1,"5yr_Match on propensity score",440193,"Wristdrop",3938,"[seol] Operation_HNNC_NonMetformin",3937,"[seol] Operation_HNNC_Metformin",NA,NA,NA,NA,51,204,64811,203725,0,0,NA,NA
1,"5yr_Match on propensity score",440193,"Wristdrop",3934,"[seol] Operation_HNNC_NonAspirin",3933,"[seol] Operation_HNNC_Aspirin",NA,NA,NA,NA,58,226,68902,214204,0,0,NA,NA
1,"5yr_Match on propensity score",444132,"Injury of knee",3934,"[seol] Operation_HNNC_NonAspirin",3933,"[seol] Operation_HNNC_Aspirin",NA,NA,NA,NA,58,226,68902,214204,0,0,NA,NA
1,"5yr_Match on propensity score",444132,"Injury of knee",3938,"[seol] Operation_HNNC_NonMetformin",3937,"[seol] Operation_HNNC_Metformin",NA,NA,NA,NA,51,204,64811,203725,0,0,NA,NA
1,"5yr_Match on propensity score",444132,"Injury of knee",3941,"[seol] Operation_HNNC_NonStatin",3940,"[seol] Operation_HNNC_Statin",NA,NA,NA,NA,107,416,134927,370334,0,0,NA,NA
1,"5yr_Match on propensity score",4115367,"Wrist joint pain",3934,"[seol] Operation_HNNC_NonAspirin",3933,"[seol] Operation_HNNC_Aspirin",NA,NA,NA,NA,58,226,68902,214204,0,0,NA,NA
1,"5yr_Match on propensity score",4115367,"Wrist joint pain",3938,"[seol] Operation_HNNC_NonMetformin",3937,"[seol] Operation_HNNC_Metformin",NA,NA,NA,NA,51,204,64811,203725,0,0,NA,NA
1,"5yr_Match on propensity score",4115367,"Wrist joint pain",3941,"[seol] Operation_HNNC_NonStatin",3940,"[seol] Operation_HNNC_Statin",NA,NA,NA,NA,107,416,134927,370334,0,0,NA,NA
1,"5yr_Match on propensity score",4202045,"Postviral fatigue syndrome",3934,"[seol] Operation_HNNC_NonAspirin",3933,"[seol] Operation_HNNC_Aspirin",NA,NA,NA,NA,58,226,68902,214204,0,0,NA,NA
1,"5yr_Match on propensity score",4202045,"Postviral fatigue syndrome",3938,"[seol] Operation_HNNC_NonMetformin",3937,"[seol] Operation_HNNC_Metformin",NA,NA,NA,NA,51,204,64811,203725,0,0,NA,NA
1,"5yr_Match on propensity score",4202045,"Postviral fatigue syndrome",3941,"[seol] Operation_HNNC_NonStatin",3940,"[seol] Operation_HNNC_Statin",NA,NA,NA,NA,107,416,134927,370334,0,0,NA,NA
1,"5yr_Match on propensity score",4207190,"Fungal infection by site",3938,"[seol] Operation_HNNC_NonMetformin",3937,"[seol] Operation_HNNC_Metformin",NA,NA,NA,NA,51,204,62873,203725,2,0,NA,NA
1,"5yr_Match on propensity score",4207190,"Fungal infection by site",3941,"[seol] Operation_HNNC_NonStatin",3940,"[seol] Operation_HNNC_Statin",7.36530015121321,1.00012168700005,149.71800294561,0.118111711846351,107,416,130578,370299,4,1,1.99677980281306,1.27773568909003
1,"5yr_Match on propensity score",4207190,"Fungal infection by site",3934,"[seol] Operation_HNNC_NonAspirin",3933,"[seol] Operation_HNNC_Aspirin",2.05740959375865,0.26806902698032,12.5726869100245,0.46238452450163,58,226,66429,212604,2,3,0.721447712753715,0.981660263698148
1,"5yr_Match on propensity score",4248870,"Visceroptosis",3934,"[seol] Operation_HNNC_NonAspirin",3933,"[seol] Operation_HNNC_Aspirin",NA,NA,NA,NA,58,226,68902,214204,0,0,NA,NA
1,"5yr_Match on propensity score",4248870,"Visceroptosis",3938,"[seol] Operation_HNNC_NonMetformin",3937,"[seol] Operation_HNNC_Metformin",NA,NA,NA,NA,51,204,64811,203725,0,0,NA,NA
1,"5yr_Match on propensity score",4248870,"Visceroptosis",3941,"[seol] Operation_HNNC_NonStatin",3940,"[seol] Operation_HNNC_Statin",0.263597138115727,NA,19.2748154151161,NA,107,416,134927,369355,0,1,-1.33333333333333,NA
1,"5yr_Match on propensity score",4291005,"Viral hepatitis",3934,"[seol] Operation_HNNC_NonAspirin",3933,"[seol] Operation_HNNC_Aspirin",0.386677280230395,0.0202982356234153,2.26321543392229,0.42946440335022,58,226,67347,207503,1,7,-0.950164835054839,1.20257512625056
1,"5yr_Match on propensity score",4291005,"Viral hepatitis",3938,"[seol] Operation_HNNC_NonMetformin",3937,"[seol] Operation_HNNC_Metformin",0.221961602197092,NA,1.46535414293124,NA,51,204,64811,198847,0,5,-1.50525087514586,NA
1,"5yr_Match on propensity score",4291005,"Viral hepatitis",3941,"[seol] Operation_HNNC_NonStatin",3940,"[seol] Operation_HNNC_Statin",0.847032867652076,0.125440062975524,3.54183137127657,0.845543278902402,107,416,132722,362077,2,7,-0.166015780298935,0.852202177332142
1,"5yr_Match on propensity score",46286594,"Problem related to lifestyle",3934,"[seol] Operation_HNNC_NonAspirin",3933,"[seol] Operation_HNNC_Aspirin",NA,NA,NA,NA,58,226,68902,214204,0,0,NA,NA
1,"5yr_Match on propensity score",46286594,"Problem related to lifestyle",3938,"[seol] Operation_HNNC_NonMetformin",3937,"[seol] Operation_HNNC_Metformin",NA,NA,NA,NA,51,204,64811,203725,0,0,NA,NA
1,"5yr_Match on propensity score",46286594,"Problem related to lifestyle",3941,"[seol] Operation_HNNC_NonStatin",3940,"[seol] Operation_HNNC_Statin",NA,NA,NA,NA,107,416,134927,370334,0,0,NA,NA
