"cohortDefinitionId","cohortName","cohortCount","personCount"
3928,"[seol] Procedure for recurrence HNNC_Metformin",2959,761
3933,"[seol] Operation_HNNC_Aspirin",74,74
3934,"[seol] Operation_HNNC_NonAspirin",1051,1051
3937,"[seol] Operation_HNNC_Metformin",57,57
3938,"[seol] Operation_HNNC_NonMetformin",1084,1084
3939,"[seol] Procedure for recurrence HNNC_Statin",3009,753
3940,"[seol] Operation_HNNC_Statin",121,121
3941,"[seol] Operation_HNNC_NonStatin",992,992
3942,"[seol] Procedure for recurrence HNNC_Aspirin",3054,764
73560,"Calcaneal spur",5,3
81893,"Ulcerative colitis",9110,578
133141,"Tinea pedis",5333,1706
140641,"Verruca vulgaris",11617,2641
380038,"Viral conjunctivitis",1914,1405
432513,"Animal bite wound",483,332
444132,"Injury of knee",10272,3327
4202045,"Postviral fatigue syndrome",7,5
4207190,"Fungal infection by site",25789,6278
4248870,"Visceroptosis",2653,534
4291005,"Viral hepatitis",69892,8686
46286594,"Problem related to lifestyle",6,6
