"analysisId","analysisDescription","outcomeId","outcomeName","comparatorId","comparatorName","targetId","targetName","rr","ci95lb","ci95ub","p","target","comparator","targetDays","comparatorDays","eventsTarget","eventsComparator","logRr","seLogRr"
1,"Death_PLE",3269,"any death",3943,"[CBJ] noncardiac_noPACE_0day_nonminor7",3944,"[CBJ] noncardiac_PACE_0day_nonminor7",1.00158894501902,0.699161560834028,1.40772747746426,0.992904688822576,600,2134,191827,689344,44,134,0.00158768398152201,0.178536474052838
1,"Death_PLE",72748,"Strain of rotator cuff capsule",3943,"[CBJ] noncardiac_noPACE_0day_nonminor7",3944,"[CBJ] noncardiac_PACE_0day_nonminor7",NA,NA,NA,NA,600,2134,191827,689344,0,0,NA,NA
1,"Death_PLE",73560,"Calcaneal spur",3943,"[CBJ] noncardiac_noPACE_0day_nonminor7",3944,"[CBJ] noncardiac_PACE_0day_nonminor7",NA,NA,NA,NA,600,2134,191827,689344,0,0,NA,NA
1,"Death_PLE",81151,"Sprain of ankle",3943,"[CBJ] noncardiac_noPACE_0day_nonminor7",3944,"[CBJ] noncardiac_PACE_0day_nonminor7",0.28650479686019,NA,7.19861403700603,NA,600,2134,191827,689150,0,2,-1.25,NA
1,"Death_PLE",81634,"Ptotic breast",3943,"[CBJ] noncardiac_noPACE_0day_nonminor7",3944,"[CBJ] noncardiac_PACE_0day_nonminor7",NA,NA,NA,NA,600,2134,191827,689344,0,0,NA,NA
1,"Death_PLE",81893,"Ulcerative colitis",3943,"[CBJ] noncardiac_noPACE_0day_nonminor7",3944,"[CBJ] noncardiac_PACE_0day_nonminor7",2.44948974278318,0.0960489784230003,62.4681292660497,0.5877174748716,600,2134,191518,689333,1,1,0.895879734614027,1.65246748709302
1,"Death_PLE",134461,"Tietze's disease",3943,"[CBJ] noncardiac_noPACE_0day_nonminor7",3944,"[CBJ] noncardiac_PACE_0day_nonminor7",NA,NA,NA,NA,600,2134,191775,689122,1,1,NA,NA
1,"Death_PLE",140641,"Verruca vulgaris",3943,"[CBJ] noncardiac_noPACE_0day_nonminor7",3944,"[CBJ] noncardiac_PACE_0day_nonminor7",1.18614066163451,0.0509647592624627,13.7609661528477,0.904860095769898,600,2134,191719,688810,1,2,0.170704895258342,1.42820403047075
1,"Death_PLE",141932,"Senile hyperkeratosis",3943,"[CBJ] noncardiac_noPACE_0day_nonminor7",3944,"[CBJ] noncardiac_PACE_0day_nonminor7",2.02671273319384,0.527711237744911,6.75550174146555,0.277432016766341,600,2134,191316,687398,4,8,0.70641513724597,0.650410749611465
1,"Death_PLE",194083,"Vaginitis and vulvovaginitis",3943,"[CBJ] noncardiac_noPACE_0day_nonminor7",3944,"[CBJ] noncardiac_PACE_0day_nonminor7",NA,NA,NA,NA,600,2134,191827,689344,0,0,NA,NA
1,"Death_PLE",196236,"Septic shock",3943,"[CBJ] noncardiac_noPACE_0day_nonminor7",3944,"[CBJ] noncardiac_PACE_0day_nonminor7",1.95074615786039,0.520340701195859,6.19800158961875,0.290396124076443,600,2134,191394,688519,4,8,0.668211944442315,0.632026512406884
1,"Death_PLE",253954,"Pulmonary tuberculosis",3943,"[CBJ] noncardiac_noPACE_0day_nonminor7",3944,"[CBJ] noncardiac_PACE_0day_nonminor7",0.746369428812592,0.111752724377942,3.02090053293414,0.727988023347329,600,2134,191311,687657,2,8,-0.292534588470298,0.841092405070069
1,"Death_PLE",254443,"Sjögren's syndrome",3943,"[CBJ] noncardiac_noPACE_0day_nonminor7",3944,"[CBJ] noncardiac_PACE_0day_nonminor7",NA,NA,NA,NA,600,2134,191542,689344,1,0,NA,NA
1,"Death_PLE",378427,"Tear film insufficiency",3943,"[CBJ] noncardiac_noPACE_0day_nonminor7",3944,"[CBJ] noncardiac_PACE_0day_nonminor7",0.969057659605284,0.733900168764938,1.26397070168948,0.820707627980956,600,2134,176187,637450,76,250,-0.0314311646250586,0.138686320303815
1,"Death_PLE",380038,"Viral conjunctivitis",3943,"[CBJ] noncardiac_noPACE_0day_nonminor7",3944,"[CBJ] noncardiac_PACE_0day_nonminor7",NA,NA,NA,NA,600,2134,191537,689344,1,0,NA,NA
1,"Death_PLE",380706,"Regular astigmatism",3943,"[CBJ] noncardiac_noPACE_0day_nonminor7",3944,"[CBJ] noncardiac_PACE_0day_nonminor7",0.964966131869253,0.645038831428041,1.40630853362062,0.857657013895491,600,2134,184979,663371,34,125,-0.0356622747675942,0.198833492960682
1,"Death_PLE",434327,"Cannabis abuse",3943,"[CBJ] noncardiac_noPACE_0day_nonminor7",3944,"[CBJ] noncardiac_PACE_0day_nonminor7",NA,NA,NA,NA,600,2134,191827,689344,0,0,NA,NA
1,"Death_PLE",437264,"Tobacco dependence syndrome",3943,"[CBJ] noncardiac_noPACE_0day_nonminor7",3944,"[CBJ] noncardiac_PACE_0day_nonminor7",NA,NA,NA,NA,600,2134,191827,689344,0,0,NA,NA
1,"Death_PLE",438688,"Sarcoidosis",3943,"[CBJ] noncardiac_noPACE_0day_nonminor7",3944,"[CBJ] noncardiac_PACE_0day_nonminor7",NA,NA,NA,NA,600,2134,191827,689344,0,0,NA,NA
1,"Death_PLE",439790,"Psychalgia",3943,"[CBJ] noncardiac_noPACE_0day_nonminor7",3944,"[CBJ] noncardiac_PACE_0day_nonminor7",NA,NA,NA,NA,600,2134,191827,689344,0,0,NA,NA
1,"Death_PLE",440193,"Wristdrop",3943,"[CBJ] noncardiac_noPACE_0day_nonminor7",3944,"[CBJ] noncardiac_PACE_0day_nonminor7",NA,NA,NA,NA,600,2134,191827,689344,0,0,NA,NA
1,"Death_PLE",443172,"Splinter of face, without major open wound",3943,"[CBJ] noncardiac_noPACE_0day_nonminor7",3944,"[CBJ] noncardiac_PACE_0day_nonminor7",NA,NA,NA,NA,600,2134,191827,689344,0,0,NA,NA
1,"Death_PLE",4030042,"Toxic goiter",3943,"[CBJ] noncardiac_noPACE_0day_nonminor7",3944,"[CBJ] noncardiac_PACE_0day_nonminor7",0.28650479686019,NA,4.13125996098703,NA,600,2134,191827,688413,0,3,-1.25,NA
1,"Death_PLE",4087647,"Rectal mass",3943,"[CBJ] noncardiac_noPACE_0day_nonminor7",3944,"[CBJ] noncardiac_PACE_0day_nonminor7",1.11191487978015,0.611165822696868,1.91433716440686,0.715700921860555,600,2134,187500,676113,16,54,0.106083645938227,0.291270248976804
1,"Death_PLE",4115367,"Wrist joint pain",3943,"[CBJ] noncardiac_noPACE_0day_nonminor7",3944,"[CBJ] noncardiac_PACE_0day_nonminor7",NA,NA,NA,NA,600,2134,191827,689344,0,0,NA,NA
1,"Death_PLE",4169984,"Scar",3943,"[CBJ] noncardiac_noPACE_0day_nonminor7",3944,"[CBJ] noncardiac_PACE_0day_nonminor7",1.26733658193271,0.280894496408456,4.25481350437726,0.73257166015339,600,2134,191356,687092,3,10,0.236917518729437,0.693335972118745
1,"Death_PLE",4213540,"Cervical somatic dysfunction",3943,"[CBJ] noncardiac_noPACE_0day_nonminor7",3944,"[CBJ] noncardiac_PACE_0day_nonminor7",NA,NA,NA,NA,600,2134,191827,689344,0,0,NA,NA
1,"Death_PLE",4234533,"Tonsillitis",3943,"[CBJ] noncardiac_noPACE_0day_nonminor7",3944,"[CBJ] noncardiac_PACE_0day_nonminor7",0.283101358899511,NA,1.40382548012331,NA,600,2134,191827,687719,0,8,-1.26195028680688,NA
1,"Death_PLE",4248870,"Visceroptosis",3943,"[CBJ] noncardiac_noPACE_0day_nonminor7",3944,"[CBJ] noncardiac_PACE_0day_nonminor7",0.4,0.0218047961629866,2.08911626823976,0.431126467336592,600,2134,191506,686388,1,10,-0.916290731874155,1.16389038275416
1,"Death_PLE",4291005,"Viral hepatitis",3943,"[CBJ] noncardiac_noPACE_0day_nonminor7",3944,"[CBJ] noncardiac_PACE_0day_nonminor7",0.300684792323588,0.0165561548208115,1.51046152025537,0.296634428440444,600,2134,191750,686068,1,13,-1.2016927645147,1.15140192270876
1,"Death_PLE",36713918,"Somatic dysfunction of lumbar region",3943,"[CBJ] noncardiac_noPACE_0day_nonminor7",3944,"[CBJ] noncardiac_PACE_0day_nonminor7",NA,NA,NA,NA,600,2134,191827,689344,0,0,NA,NA
