"cohortDefinitionId","cohortName","cohortCount","personCount"
3269,"any death",13259,13259
3943,"[CBJ] noncardiac_noPACE_0day_nonminor7",24467,24467
3944,"[CBJ] noncardiac_PACE_0day_nonminor7",603,603
73560,"Calcaneal spur",13,10
81151,"Sprain of ankle",6517,3718
81893,"Ulcerative colitis",2554,196
134461,"Tietze's disease",1411,1054
140641,"Verruca vulgaris",6542,1984
141932,"Senile hyperkeratosis",4798,2439
196236,"Septic shock",966,636
253954,"Pulmonary tuberculosis",12166,1775
254443,"Sjögren's syndrome",3181,211
378427,"Tear film insufficiency",88908,23170
380038,"Viral conjunctivitis",2025,1166
380706,"Regular astigmatism",59497,18693
434327,"Cannabis abuse",4,4
438688,"Sarcoidosis",226,27
4030042,"Toxic goiter",9215,863
4087647,"Rectal mass",30081,5298
4169984,"Scar",10282,2472
4234533,"Tonsillitis",25485,13281
4248870,"Visceroptosis",2309,657
4291005,"Viral hepatitis",24740,3299
