"database_id","exposure_id","target_id","comparator_id","outcome_id","analysis_id","sequence_number","description","subjects"
"cdmpv532_220425",3913,3913,3912,3269,1,1,"Original cohorts",2260
"cdmpv532_220425",3913,3913,3912,3269,1,2,"First exp. only & 180 days of obs. prior",2260
"cdmpv532_220425",3913,3913,3912,3269,1,3,"Matched on propensity score",2259
"cdmpv532_220425",3912,3913,3912,3269,1,1,"Original cohorts",62759
"cdmpv532_220425",3912,3913,3912,3269,1,2,"First exp. only & 180 days of obs. prior",62759
"cdmpv532_220425",3912,3913,3912,3269,1,3,"Matched on propensity score",8600
