"cohortDefinitionId","cohortName","cohortCount","personCount"
3269,"any death",29040,29040
3912,"[CBJ] noncardiac_noPACE_0day",460522,254838
3913,"[CBJ] noncardiac_PACE_0day",7306,4604
73560,"Calcaneal spur",3,3
81151,"Sprain of ankle",9574,3506
81893,"Ulcerative colitis",34497,1798
134461,"Tietze's disease",2506,1320
140641,"Verruca vulgaris",74040,11749
141932,"Senile hyperkeratosis",12842,3890
196236,"Septic shock",7483,2536
253954,"Pulmonary tuberculosis",49496,8028
254443,"Sjögren's syndrome",23065,971
378427,"Tear film insufficiency",48435,7940
380038,"Viral conjunctivitis",4976,2065
380706,"Regular astigmatism",3347,922
434327,"Cannabis abuse",3,3
438688,"Sarcoidosis",3340,282
4030042,"Toxic goiter",122476,9751
4087647,"Rectal mass",168254,9693
4169984,"Scar",39334,7705
4234533,"Tonsillitis",166211,42495
4248870,"Visceroptosis",10778,2566
4291005,"Viral hepatitis",288398,29116
