"database_id","exposure_id","target_id","comparator_id","outcome_id","analysis_id","sequence_number","description","subjects"
"cdmpv531_220131",3944,3944,3943,3269,1,1,"Original cohorts",96
"cdmpv531_220131",3944,3944,3943,3269,1,2,"First exp. only & first cohort only & 180 days of obs. prior",96
"cdmpv531_220131",3944,3944,3943,3269,1,3,"Have at least 1 days at risk",96
"cdmpv531_220131",3944,3944,3943,3269,1,4,"Matched on propensity score",93
"cdmpv531_220131",3943,3944,3943,3269,1,1,"Original cohorts",3084
"cdmpv531_220131",3943,3944,3943,3269,1,2,"First exp. only & first cohort only & 180 days of obs. prior",3084
"cdmpv531_220131",3943,3944,3943,3269,1,3,"Have at least 1 days at risk",3084
"cdmpv531_220131",3943,3944,3943,3269,1,4,"Matched on propensity score",352
