"database_id","exposure_id","target_id","comparator_id","outcome_id","analysis_id","sequence_number","description","subjects"
"cdmpv534_220228",3913,3913,3912,3269,1,1,"Original cohorts",4604
"cdmpv534_220228",3913,3913,3912,3269,1,2,"First exp. only & 180 days of obs. prior",4604
"cdmpv534_220228",3913,3913,3912,3269,1,3,"Matched on propensity score",4584
"cdmpv534_220228",3912,3913,3912,3269,1,1,"Original cohorts",254838
"cdmpv534_220228",3912,3913,3912,3269,1,2,"First exp. only & 180 days of obs. prior",254838
"cdmpv534_220228",3912,3913,3912,3269,1,3,"Matched on propensity score",15760
