"database_id","exposure_id","target_id","comparator_id","outcome_id","analysis_id","sequence_number","description","subjects"
"cdmpv531_220131",3913,3913,3912,3269,1,1,"Original cohorts",313
"cdmpv531_220131",3913,3913,3912,3269,1,2,"First exp. only & 180 days of obs. prior",313
"cdmpv531_220131",3913,3913,3912,3269,1,3,"Matched on propensity score",313
"cdmpv531_220131",3912,3913,3912,3269,1,1,"Original cohorts",12166
"cdmpv531_220131",3912,3913,3912,3269,1,2,"First exp. only & 180 days of obs. prior",12166
"cdmpv531_220131",3912,3913,3912,3269,1,3,"Matched on propensity score",1177
