"analysisId","analysisDescription","outcomeId","outcomeName","comparatorId","comparatorName","targetId","targetName","rr","ci95lb","ci95ub","p","target","comparator","targetDays","comparatorDays","eventsTarget","eventsComparator","logRr","seLogRr"
1,"Death_PLE",3269,"any death",3912,"[CBJ] noncardiac_noPACE_0day",3913,"[CBJ] noncardiac_PACE_0day",1.04001914632353,0.805235561349354,1.33206201614991,0.759922506065365,2581,9073,754513,2500626,98,256,0.0392391229102919,0.128407602193426
1,"Death_PLE",72748,"Strain of rotator cuff capsule",3912,"[CBJ] noncardiac_noPACE_0day",3913,"[CBJ] noncardiac_PACE_0day",NA,NA,NA,NA,2581,9073,754513,2500626,0,0,NA,NA
1,"Death_PLE",73560,"Calcaneal spur",3912,"[CBJ] noncardiac_noPACE_0day",3913,"[CBJ] noncardiac_PACE_0day",NA,NA,NA,NA,2581,9073,754513,2500626,0,0,NA,NA
1,"Death_PLE",81151,"Sprain of ankle",3912,"[CBJ] noncardiac_noPACE_0day",3913,"[CBJ] noncardiac_PACE_0day",1.10441712323661,0.164417461922015,4.57601761220706,0.906822959895029,2581,9073,753972,2499054,2,9,0.0993177055141578,0.848529798266179
1,"Death_PLE",81634,"Ptotic breast",3912,"[CBJ] noncardiac_noPACE_0day",3913,"[CBJ] noncardiac_PACE_0day",NA,NA,NA,NA,2581,9073,754513,2500626,0,0,NA,NA
1,"Death_PLE",81893,"Ulcerative colitis",3912,"[CBJ] noncardiac_noPACE_0day",3913,"[CBJ] noncardiac_PACE_0day",0.891354500269374,0.202407738004159,2.82065301717548,0.864118179390967,2581,9073,753815,2497876,3,14,-0.115013062772898,0.67206325125126
1,"Death_PLE",134461,"Tietze's disease",3912,"[CBJ] noncardiac_noPACE_0day",3913,"[CBJ] noncardiac_PACE_0day",16.5232701545521,2.63563269967321,317.760771332722,0.0217755862644,2581,9073,753668,2500547,5,1,2.80476969974714,1.222516224574
1,"Death_PLE",140641,"Verruca vulgaris",3912,"[CBJ] noncardiac_noPACE_0day",3913,"[CBJ] noncardiac_PACE_0day",2.97166766041895,1.31694053354191,6.63460485702837,0.00828399427763804,2581,9073,752495,2498429,12,14,1.08912329705601,0.412504478567523
1,"Death_PLE",141932,"Senile hyperkeratosis",3912,"[CBJ] noncardiac_noPACE_0day",3913,"[CBJ] noncardiac_PACE_0day",NA,NA,NA,NA,2581,9073,754513,2500626,0,0,NA,NA
1,"Death_PLE",194083,"Vaginitis and vulvovaginitis",3912,"[CBJ] noncardiac_noPACE_0day",3913,"[CBJ] noncardiac_PACE_0day",NA,NA,NA,NA,2581,9073,754513,2500626,0,0,NA,NA
1,"Death_PLE",196236,"Septic shock",3912,"[CBJ] noncardiac_noPACE_0day",3913,"[CBJ] noncardiac_PACE_0day",1.53152314076919,0.787663339995206,2.85661127125724,0.194639858952181,2581,9073,752365,2497581,16,32,0.426262757048683,0.328659244816116
1,"Death_PLE",253954,"Pulmonary tuberculosis",3912,"[CBJ] noncardiac_noPACE_0day",3913,"[CBJ] noncardiac_PACE_0day",0.379685431981817,0.129227448207644,0.893657372585653,0.049636691983976,2581,9073,753213,2490816,5,43,-0.968412179660253,0.493312236503616
1,"Death_PLE",254443,"Sjögren's syndrome",3912,"[CBJ] noncardiac_noPACE_0day",3913,"[CBJ] noncardiac_PACE_0day",0.378032268884568,0.0599562951480885,1.31652447102884,0.217055951114506,2581,9073,753893,2496244,2,18,-0.972775719586648,0.788059043042038
1,"Death_PLE",378427,"Tear film insufficiency",3912,"[CBJ] noncardiac_noPACE_0day",3913,"[CBJ] noncardiac_PACE_0day",1.07738747737565,0.841742230355996,1.36760940314003,0.547160669216574,2581,9073,733942,2442711,98,284,0.0745391081928982,0.123814955164579
1,"Death_PLE",380038,"Viral conjunctivitis",3912,"[CBJ] noncardiac_noPACE_0day",3913,"[CBJ] noncardiac_PACE_0day",NA,NA,NA,NA,2581,9073,754513,2500626,0,0,NA,NA
1,"Death_PLE",380706,"Regular astigmatism",3912,"[CBJ] noncardiac_noPACE_0day",3913,"[CBJ] noncardiac_PACE_0day",1.8719243686213,0.394246560641545,7.11153333094375,0.395509014453205,2581,9073,753828,2498980,3,6,0.626966975861733,0.73789535897554
1,"Death_PLE",434327,"Cannabis abuse",3912,"[CBJ] noncardiac_noPACE_0day",3913,"[CBJ] noncardiac_PACE_0day",NA,NA,NA,NA,2581,9073,754513,2500626,0,0,NA,NA
1,"Death_PLE",437264,"Tobacco dependence syndrome",3912,"[CBJ] noncardiac_noPACE_0day",3913,"[CBJ] noncardiac_PACE_0day",NA,NA,NA,NA,2581,9073,754513,2500626,0,0,NA,NA
1,"Death_PLE",438688,"Sarcoidosis",3912,"[CBJ] noncardiac_noPACE_0day",3913,"[CBJ] noncardiac_PACE_0day",NA,NA,NA,NA,2581,9073,754191,2500626,1,0,NA,NA
1,"Death_PLE",439790,"Psychalgia",3912,"[CBJ] noncardiac_noPACE_0day",3913,"[CBJ] noncardiac_PACE_0day",NA,NA,NA,NA,2581,9073,754513,2500626,0,0,NA,NA
1,"Death_PLE",440193,"Wristdrop",3912,"[CBJ] noncardiac_noPACE_0day",3913,"[CBJ] noncardiac_PACE_0day",NA,NA,NA,NA,2581,9073,754513,2500626,0,0,NA,NA
1,"Death_PLE",443172,"Splinter of face, without major open wound",3912,"[CBJ] noncardiac_noPACE_0day",3913,"[CBJ] noncardiac_PACE_0day",NA,NA,NA,NA,2581,9073,754513,2500626,0,0,NA,NA
1,"Death_PLE",4030042,"Toxic goiter",3912,"[CBJ] noncardiac_noPACE_0day",3913,"[CBJ] noncardiac_PACE_0day",0.807250235364075,0.225249975257588,2.28262379024074,0.717030603083411,2581,9073,753522,2496638,4,15,-0.214121577780989,0.590794034257554
1,"Death_PLE",4087647,"Rectal mass",3912,"[CBJ] noncardiac_noPACE_0day",3913,"[CBJ] noncardiac_PACE_0day",0.592166178129515,0.404558792998568,0.841699948891631,0.00505516016741523,2581,9073,745260,2447355,36,199,-0.523967977188917,0.186897955268689
1,"Death_PLE",4115367,"Wrist joint pain",3912,"[CBJ] noncardiac_noPACE_0day",3913,"[CBJ] noncardiac_PACE_0day",NA,NA,NA,NA,2581,9073,754513,2500626,0,0,NA,NA
1,"Death_PLE",4169984,"Scar",3912,"[CBJ] noncardiac_noPACE_0day",3913,"[CBJ] noncardiac_PACE_0day",0.902942453081367,0.383288777839422,1.89334814655388,0.8021601581298,2581,9073,753199,2494202,8,29,-0.102096456187968,0.407485383733953
1,"Death_PLE",4213540,"Cervical somatic dysfunction",3912,"[CBJ] noncardiac_noPACE_0day",3913,"[CBJ] noncardiac_PACE_0day",NA,NA,NA,NA,2581,9073,754513,2500626,0,0,NA,NA
1,"Death_PLE",4234533,"Tonsillitis",3912,"[CBJ] noncardiac_noPACE_0day",3913,"[CBJ] noncardiac_PACE_0day",1.65976983753128,0.786192588663781,3.33640769420771,0.169420387924089,2581,9073,752311,2496147,12,22,0.506678940665769,0.368743556449484
1,"Death_PLE",4248870,"Visceroptosis",3912,"[CBJ] noncardiac_noPACE_0day",3913,"[CBJ] noncardiac_PACE_0day",0.973755556972365,0.513640130599613,1.73071255700858,0.931610029199954,2581,9073,750520,2486560,14,53,-0.0265949750382486,0.309894878097584
1,"Death_PLE",4291005,"Viral hepatitis",3912,"[CBJ] noncardiac_noPACE_0day",3913,"[CBJ] noncardiac_PACE_0day",0.818742168850934,0.573723870527624,1.14382934964162,0.25589367445059,2581,9073,744633,2458696,44,168,-0.199986056840636,0.176020778337768
1,"Death_PLE",36713918,"Somatic dysfunction of lumbar region",3912,"[CBJ] noncardiac_noPACE_0day",3913,"[CBJ] noncardiac_PACE_0day",NA,NA,NA,NA,2581,9073,754513,2500626,0,0,NA,NA
