"cohortDefinitionId","cohortName","cohortCount","personCount"
3269,"any death",6979,6979
3912,"[CBJ] noncardiac_noPACE_0day",118293,68028
3913,"[CBJ] noncardiac_PACE_0day",3688,2600
73560,"Calcaneal spur",11,7
81151,"Sprain of ankle",11999,3739
81893,"Ulcerative colitis",34409,1079
134461,"Tietze's disease",875,448
140641,"Verruca vulgaris",31344,5190
196236,"Septic shock",1405,945
253954,"Pulmonary tuberculosis",25448,2723
254443,"Sjögren's syndrome",8515,455
378427,"Tear film insufficiency",54326,13947
380038,"Viral conjunctivitis",2813,1228
380706,"Regular astigmatism",2561,709
438688,"Sarcoidosis",1074,48
4030042,"Toxic goiter",31900,2699
4087647,"Rectal mass",67906,3558
4169984,"Scar",17210,3324
4234533,"Tonsillitis",33587,13964
4248870,"Visceroptosis",9902,1321
4291005,"Viral hepatitis",113253,9073
