"analysisId","analysisDescription","outcomeId","outcomeName","comparatorId","comparatorName","targetId","targetName","rr","ci95lb","ci95ub","p","target","comparator","targetDays","comparatorDays","eventsTarget","eventsComparator","logRr","seLogRr"
1,"Death_PLE",3269,"any death",3912,"[CBJ] noncardiac_noPACE_0day",3913,"[CBJ] noncardiac_PACE_0day",0.761498876168003,0.492114477412083,1.14181630464967,0.204450571975482,3148,11561,756130,2856293,31,132,-0.272466582461531,0.214714189329627
1,"Death_PLE",72748,"Strain of rotator cuff capsule",3912,"[CBJ] noncardiac_noPACE_0day",3913,"[CBJ] noncardiac_PACE_0day",NA,NA,NA,NA,3148,11561,756130,2856293,0,0,NA,NA
1,"Death_PLE",73560,"Calcaneal spur",3912,"[CBJ] noncardiac_noPACE_0day",3913,"[CBJ] noncardiac_PACE_0day",NA,NA,NA,NA,3148,11561,756130,2856293,0,0,NA,NA
1,"Death_PLE",81151,"Sprain of ankle",3912,"[CBJ] noncardiac_noPACE_0day",3913,"[CBJ] noncardiac_PACE_0day",0.762709934056016,0.111079069953475,3.25853158595953,0.753323172361454,3148,11561,755864,2854173,2,8,-0.270877485042937,0.861951973643715
1,"Death_PLE",81634,"Ptotic breast",3912,"[CBJ] noncardiac_noPACE_0day",3913,"[CBJ] noncardiac_PACE_0day",NA,NA,NA,NA,3148,11561,756130,2856293,0,0,NA,NA
1,"Death_PLE",81893,"Ulcerative colitis",3912,"[CBJ] noncardiac_noPACE_0day",3913,"[CBJ] noncardiac_PACE_0day",1.1994463315166,0.334087584460134,3.45995475775311,0.76039612210545,3148,11561,755243,2853307,4,12,0.181860059917814,0.596339428450693
1,"Death_PLE",134461,"Tietze's disease",3912,"[CBJ] noncardiac_noPACE_0day",3913,"[CBJ] noncardiac_PACE_0day",NA,NA,NA,NA,3148,11561,756130,2856293,0,0,NA,NA
1,"Death_PLE",140641,"Verruca vulgaris",3912,"[CBJ] noncardiac_noPACE_0day",3913,"[CBJ] noncardiac_PACE_0day",2,0.507530550733232,7.06100751007827,0.302062910536456,3148,11561,755161,2853655,4,10,0.693147180559946,0.671641453692379
1,"Death_PLE",141932,"Senile hyperkeratosis",3912,"[CBJ] noncardiac_noPACE_0day",3913,"[CBJ] noncardiac_PACE_0day",0.601503023855728,0.135258012809192,1.91846040235402,0.45245532970784,3148,11561,755496,2853395,3,18,-0.508323716388471,0.676567051765377
1,"Death_PLE",194083,"Vaginitis and vulvovaginitis",3912,"[CBJ] noncardiac_noPACE_0day",3913,"[CBJ] noncardiac_PACE_0day",NA,NA,NA,NA,3148,11561,756130,2856293,0,0,NA,NA
1,"Death_PLE",196236,"Septic shock",3912,"[CBJ] noncardiac_noPACE_0day",3913,"[CBJ] noncardiac_PACE_0day",1.55025174002375,0.915579046284935,2.56512184999817,0.0952804399262288,3148,11561,752114,2849945,26,53,0.438417330662151,0.262812114632475
1,"Death_PLE",253954,"Pulmonary tuberculosis",3912,"[CBJ] noncardiac_noPACE_0day",3913,"[CBJ] noncardiac_PACE_0day",0.389201835994084,0.149008211864294,0.841046882451357,0.0325661493219377,3148,11561,754530,2842970,6,59,-0.943657211327652,0.441499435841183
1,"Death_PLE",254443,"Sjögren's syndrome",3912,"[CBJ] noncardiac_noPACE_0day",3913,"[CBJ] noncardiac_PACE_0day",0.494328025638453,0.075734344740914,1.86045795759841,0.388301185311726,3148,11561,755714,2853005,2,15,-0.704555962646586,0.816684955048328
1,"Death_PLE",378427,"Tear film insufficiency",3912,"[CBJ] noncardiac_noPACE_0day",3913,"[CBJ] noncardiac_PACE_0day",1.08907892234752,0.73694850694723,1.57796731393764,0.660420777390186,3148,11561,748711,2832773,39,132,0.0853323136366073,0.194231825764263
1,"Death_PLE",380038,"Viral conjunctivitis",3912,"[CBJ] noncardiac_noPACE_0day",3913,"[CBJ] noncardiac_PACE_0day",1.0861301976515,0.047410497661568,12.3861365710037,0.953595434507668,3148,11561,755816,2855845,1,3,0.0826211016660687,1.4197938017594
1,"Death_PLE",380706,"Regular astigmatism",3912,"[CBJ] noncardiac_noPACE_0day",3913,"[CBJ] noncardiac_PACE_0day",NA,NA,NA,NA,3148,11561,756130,2856293,0,0,NA,NA
1,"Death_PLE",434327,"Cannabis abuse",3912,"[CBJ] noncardiac_noPACE_0day",3913,"[CBJ] noncardiac_PACE_0day",NA,NA,NA,NA,3148,11561,756130,2856293,0,0,NA,NA
1,"Death_PLE",437264,"Tobacco dependence syndrome",3912,"[CBJ] noncardiac_noPACE_0day",3913,"[CBJ] noncardiac_PACE_0day",NA,NA,NA,NA,3148,11561,756130,2856293,0,0,NA,NA
1,"Death_PLE",438688,"Sarcoidosis",3912,"[CBJ] noncardiac_noPACE_0day",3913,"[CBJ] noncardiac_PACE_0day",2.91423215087813,0.345596753119428,24.5608186101148,0.325419702408335,3148,11561,756069,2856032,2,2,1.06960637202531,1.08768199425873
1,"Death_PLE",439790,"Psychalgia",3912,"[CBJ] noncardiac_noPACE_0day",3913,"[CBJ] noncardiac_PACE_0day",NA,NA,NA,NA,3148,11561,756130,2856293,0,0,NA,NA
1,"Death_PLE",440193,"Wristdrop",3912,"[CBJ] noncardiac_noPACE_0day",3913,"[CBJ] noncardiac_PACE_0day",NA,NA,NA,NA,3148,11561,756130,2856293,0,0,NA,NA
1,"Death_PLE",443172,"Splinter of face, without major open wound",3912,"[CBJ] noncardiac_noPACE_0day",3913,"[CBJ] noncardiac_PACE_0day",NA,NA,NA,NA,3148,11561,756130,2856293,0,0,NA,NA
1,"Death_PLE",4030042,"Toxic goiter",3912,"[CBJ] noncardiac_noPACE_0day",3913,"[CBJ] noncardiac_PACE_0day",1.31003161201279,0.286377015667542,4.54218982557663,0.701713077257272,3148,11561,755288,2853599,3,10,0.270051268229377,0.70507809267781
1,"Death_PLE",4087647,"Rectal mass",3912,"[CBJ] noncardiac_noPACE_0day",3913,"[CBJ] noncardiac_PACE_0day",0.511855969608521,0.313169885753865,0.794643860854689,0.0048122618898909,3148,11561,750106,2816341,23,154,-0.669712002875886,0.237542178983501
1,"Death_PLE",4115367,"Wrist joint pain",3912,"[CBJ] noncardiac_noPACE_0day",3913,"[CBJ] noncardiac_PACE_0day",NA,NA,NA,NA,3148,11561,756130,2856293,0,0,NA,NA
1,"Death_PLE",4169984,"Scar",3912,"[CBJ] noncardiac_noPACE_0day",3913,"[CBJ] noncardiac_PACE_0day",1.26094217656674,0.521055100180371,2.75985183294039,0.58562369816662,3148,11561,754399,2850082,8,27,0.23185920071073,0.425282426625614
1,"Death_PLE",4213540,"Cervical somatic dysfunction",3912,"[CBJ] noncardiac_noPACE_0day",3913,"[CBJ] noncardiac_PACE_0day",NA,NA,NA,NA,3148,11561,756130,2856293,0,0,NA,NA
1,"Death_PLE",4234533,"Tonsillitis",3912,"[CBJ] noncardiac_noPACE_0day",3913,"[CBJ] noncardiac_PACE_0day",0.269246695344089,NA,1.25156638315339,NA,3148,11561,756130,2854079,0,12,-1.31212723658052,NA
1,"Death_PLE",4248870,"Visceroptosis",3912,"[CBJ] noncardiac_noPACE_0day",3913,"[CBJ] noncardiac_PACE_0day",0.697760460133716,0.200441374387315,1.87734523644142,0.528304706378859,3148,11561,755354,2850518,4,25,-0.359879415443797,0.570697257783828
1,"Death_PLE",4291005,"Viral hepatitis",3912,"[CBJ] noncardiac_noPACE_0day",3913,"[CBJ] noncardiac_PACE_0day",0.923752996293327,0.625835814454181,1.33021184648839,0.680104721425404,3148,11561,747980,2820843,37,152,-0.079310563105688,0.192351859035014
1,"Death_PLE",36713918,"Somatic dysfunction of lumbar region",3912,"[CBJ] noncardiac_noPACE_0day",3913,"[CBJ] noncardiac_PACE_0day",NA,NA,NA,NA,3148,11561,756130,2856293,0,0,NA,NA
