"analysisId","analysisDescription","outcomeId","outcomeName","comparatorId","comparatorName","targetId","targetName","rr","ci95lb","ci95ub","p","target","comparator","targetDays","comparatorDays","eventsTarget","eventsComparator","logRr","seLogRr"
1,"Death_PLE",3269,"any death",3912,"[CBJ] noncardiac_noPACE",3913,"[CBJ] noncardiac_PACE_0day",0.924928253204719,0.69595597183239,1.21547786782674,0.583273915950157,3029,9834,912636,2920334,72,226,-0.0780391085809685,0.142249089837723
1,"Death_PLE",72748,"Strain of rotator cuff capsule",3912,"[CBJ] noncardiac_noPACE",3913,"[CBJ] noncardiac_PACE_0day",NA,NA,NA,NA,3029,9834,912636,2920334,0,0,NA,NA
1,"Death_PLE",73560,"Calcaneal spur",3912,"[CBJ] noncardiac_noPACE",3913,"[CBJ] noncardiac_PACE_0day",NA,NA,NA,NA,3029,9834,912636,2920334,0,0,NA,NA
1,"Death_PLE",81151,"Sprain of ankle",3912,"[CBJ] noncardiac_noPACE",3913,"[CBJ] noncardiac_PACE_0day",2.49540471089456,0.815622245342808,7.22780354298598,0.100384420283607,3029,9834,911228,2918160,6,8,0.914450924824435,0.556576339006158
1,"Death_PLE",81634,"Ptotic breast",3912,"[CBJ] noncardiac_noPACE",3913,"[CBJ] noncardiac_PACE_0day",NA,NA,NA,NA,3029,9834,912636,2920334,0,0,NA,NA
1,"Death_PLE",81893,"Ulcerative colitis",3912,"[CBJ] noncardiac_noPACE",3913,"[CBJ] noncardiac_PACE_0day",0.260020739518139,0.0142797201518081,1.3159405611161,0.243100264723832,3029,9834,912315,2916978,1,13,-1.3469938837704,1.15396676181642
1,"Death_PLE",134461,"Tietze's disease",3912,"[CBJ] noncardiac_noPACE",3913,"[CBJ] noncardiac_PACE_0day",NA,NA,NA,NA,3029,9834,912636,2920334,0,0,NA,NA
1,"Death_PLE",140641,"Verruca vulgaris",3912,"[CBJ] noncardiac_noPACE",3913,"[CBJ] noncardiac_PACE_0day",0.98462739775077,0.390152017502936,2.18077090232069,0.97184988552613,3029,9834,911425,2915195,7,28,-0.0154919857697695,0.439012471688148
1,"Death_PLE",141932,"Senile hyperkeratosis",3912,"[CBJ] noncardiac_noPACE",3913,"[CBJ] noncardiac_PACE_0day",1.07842074200915,0.408376969031983,2.5594799039967,0.871899793512224,3029,9834,910853,2916772,7,17,0.0754976950498642,0.468214895087978
1,"Death_PLE",194083,"Vaginitis and vulvovaginitis",3912,"[CBJ] noncardiac_noPACE",3913,"[CBJ] noncardiac_PACE_0day",NA,NA,NA,NA,3029,9834,912636,2920334,0,0,NA,NA
1,"Death_PLE",196236,"Septic shock",3912,"[CBJ] noncardiac_noPACE",3913,"[CBJ] noncardiac_PACE_0day",1.31198422454916,0.720845294905705,2.30082658262686,0.359074734450306,3029,9834,910622,2915315,18,42,0.27154066647793,0.296076659104645
1,"Death_PLE",253954,"Pulmonary tuberculosis",3912,"[CBJ] noncardiac_noPACE",3913,"[CBJ] noncardiac_PACE_0day",0.937488096243325,0.563769521983087,1.49744364089822,0.795613906460545,3029,9834,907995,2902195,22,77,-0.0645512185586365,0.249205899321199
1,"Death_PLE",254443,"Sjögren's syndrome",3912,"[CBJ] noncardiac_noPACE",3913,"[CBJ] noncardiac_PACE_0day",0.333132743654644,0.0532798732911857,1.13497387805082,0.158933541923072,3029,9834,911999,2914901,2,22,-1.09921423883984,0.780322059686827
1,"Death_PLE",378427,"Tear film insufficiency",3912,"[CBJ] noncardiac_noPACE",3913,"[CBJ] noncardiac_PACE_0day",1.02275802018331,0.839244614962568,1.23910357761887,0.820900221029877,3029,9834,879223,2816194,146,448,0.0225029195793772,0.099400106229533
1,"Death_PLE",380038,"Viral conjunctivitis",3912,"[CBJ] noncardiac_noPACE",3913,"[CBJ] noncardiac_PACE_0day",0.263597138115727,NA,3.19097303719012,NA,3029,9834,912636,2920083,0,3,-1.33333333333333,NA
1,"Death_PLE",380706,"Regular astigmatism",3912,"[CBJ] noncardiac_noPACE",3913,"[CBJ] noncardiac_PACE_0day",NA,NA,NA,NA,3029,9834,912636,2920334,0,0,NA,NA
1,"Death_PLE",434327,"Cannabis abuse",3912,"[CBJ] noncardiac_noPACE",3913,"[CBJ] noncardiac_PACE_0day",NA,NA,NA,NA,3029,9834,912636,2920334,0,0,NA,NA
1,"Death_PLE",437264,"Tobacco dependence syndrome",3912,"[CBJ] noncardiac_noPACE",3913,"[CBJ] noncardiac_PACE_0day",NA,NA,NA,NA,3029,9834,912636,2920334,0,0,NA,NA
1,"Death_PLE",438688,"Sarcoidosis",3912,"[CBJ] noncardiac_noPACE",3913,"[CBJ] noncardiac_PACE_0day",10.4462219947249,1.33139436661042,211.594415322337,0.0695886227690712,3029,9834,911884,2920334,3,1,2.34624038143724,1.2929942993852
1,"Death_PLE",439790,"Psychalgia",3912,"[CBJ] noncardiac_noPACE",3913,"[CBJ] noncardiac_PACE_0day",NA,NA,NA,NA,3029,9834,912636,2920334,0,0,NA,NA
1,"Death_PLE",440193,"Wristdrop",3912,"[CBJ] noncardiac_noPACE",3913,"[CBJ] noncardiac_PACE_0day",NA,NA,NA,NA,3029,9834,912636,2920334,0,0,NA,NA
1,"Death_PLE",443172,"Splinter of face, without major open wound",3912,"[CBJ] noncardiac_noPACE",3913,"[CBJ] noncardiac_PACE_0day",NA,NA,NA,NA,3029,9834,912636,2920334,0,0,NA,NA
1,"Death_PLE",4030042,"Toxic goiter",3912,"[CBJ] noncardiac_noPACE",3913,"[CBJ] noncardiac_PACE_0day",1.25243319049259,0.63158903348886,2.36688399000822,0.504210419869594,3029,9834,908297,2911537,14,33,0.225088211630122,0.337019120801002
1,"Death_PLE",4087647,"Rectal mass",3912,"[CBJ] noncardiac_noPACE",3913,"[CBJ] noncardiac_PACE_0day",0.560102429951253,0.350986720853908,0.856645974747727,0.0108827348363672,3029,9834,906029,2887809,24,133,-0.579635601351814,0.227625699133114
1,"Death_PLE",4115367,"Wrist joint pain",3912,"[CBJ] noncardiac_noPACE",3913,"[CBJ] noncardiac_PACE_0day",NA,NA,NA,NA,3029,9834,912636,2920334,0,0,NA,NA
1,"Death_PLE",4169984,"Scar",3912,"[CBJ] noncardiac_noPACE",3913,"[CBJ] noncardiac_PACE_0day",1.78534368247199,0.966648214856313,3.21932846764781,0.0589598410362715,3029,9834,907716,2912392,19,32,0.579610935898303,0.30691722827922
1,"Death_PLE",4213540,"Cervical somatic dysfunction",3912,"[CBJ] noncardiac_noPACE",3913,"[CBJ] noncardiac_PACE_0day",NA,NA,NA,NA,3029,9834,912636,2920334,0,0,NA,NA
1,"Death_PLE",4234533,"Tonsillitis",3912,"[CBJ] noncardiac_noPACE",3913,"[CBJ] noncardiac_PACE_0day",0.655095911411203,0.297107844599903,1.28926130892711,0.258622156805107,3029,9834,910937,2910435,9,47,-0.422973624431233,0.374427675752154
1,"Death_PLE",4248870,"Visceroptosis",3912,"[CBJ] noncardiac_noPACE",3913,"[CBJ] noncardiac_PACE_0day",0.772689122259575,0.407510966638268,1.37179172850051,0.404953750442661,3029,9834,908704,2906295,14,54,-0.257878481714389,0.309649861078613
1,"Death_PLE",4291005,"Viral hepatitis",3912,"[CBJ] noncardiac_noPACE",3913,"[CBJ] noncardiac_PACE_0day",0.646008515052696,0.463248919287173,0.882094927335582,0.00782668209874287,3029,9834,900326,2862337,48,229,-0.436942594090282,0.164297698934934
1,"Death_PLE",36713918,"Somatic dysfunction of lumbar region",3912,"[CBJ] noncardiac_noPACE",3913,"[CBJ] noncardiac_PACE_0day",NA,NA,NA,NA,3029,9834,912636,2920334,0,0,NA,NA
