"analysisId","analysisDescription","outcomeId","outcomeName","comparatorId","comparatorName","targetId","targetName","rr","ci95lb","ci95ub","p","target","comparator","targetDays","comparatorDays","eventsTarget","eventsComparator","logRr","seLogRr"
1,"Death_PLE",3269,"any death",3943,"[CBJ] noncardiac_noPACE_0day_nonminor7",3944,"[CBJ] noncardiac_PACE_0day_nonminor7",1.24108299887518,0.891848977752696,1.69907094900804,0.188993702306438,855,3310,275446,1079591,51,156,0.215984384626817,0.164426508437203
1,"Death_PLE",72748,"Strain of rotator cuff capsule",3943,"[CBJ] noncardiac_noPACE_0day_nonminor7",3944,"[CBJ] noncardiac_PACE_0day_nonminor7",NA,NA,NA,NA,855,3310,275446,1079591,0,0,NA,NA
1,"Death_PLE",73560,"Calcaneal spur",3943,"[CBJ] noncardiac_noPACE_0day_nonminor7",3944,"[CBJ] noncardiac_PACE_0day_nonminor7",NA,NA,NA,NA,855,3310,275446,1079591,0,0,NA,NA
1,"Death_PLE",81151,"Sprain of ankle",3943,"[CBJ] noncardiac_noPACE_0day_nonminor7",3944,"[CBJ] noncardiac_PACE_0day_nonminor7",NA,NA,NA,NA,855,3310,275446,1079591,0,0,NA,NA
1,"Death_PLE",81634,"Ptotic breast",3943,"[CBJ] noncardiac_noPACE_0day_nonminor7",3944,"[CBJ] noncardiac_PACE_0day_nonminor7",NA,NA,NA,NA,855,3310,275446,1079591,0,0,NA,NA
1,"Death_PLE",81893,"Ulcerative colitis",3943,"[CBJ] noncardiac_noPACE_0day_nonminor7",3944,"[CBJ] noncardiac_PACE_0day_nonminor7",0.28650479686019,NA,1.64017547105825,NA,855,3310,275446,1077823,0,8,-1.25,NA
1,"Death_PLE",134461,"Tietze's disease",3943,"[CBJ] noncardiac_noPACE_0day_nonminor7",3944,"[CBJ] noncardiac_PACE_0day_nonminor7",0.28650479686019,NA,25.2598765010408,NA,855,3310,275446,1079426,0,1,-1.25,NA
1,"Death_PLE",140641,"Verruca vulgaris",3943,"[CBJ] noncardiac_noPACE_0day_nonminor7",3944,"[CBJ] noncardiac_PACE_0day_nonminor7",0.28650479686019,NA,2.29464481369118,NA,855,3310,275446,1078314,0,6,-1.25,NA
1,"Death_PLE",141932,"Senile hyperkeratosis",3943,"[CBJ] noncardiac_noPACE_0day_nonminor7",3944,"[CBJ] noncardiac_PACE_0day_nonminor7",NA,NA,NA,NA,855,3310,275446,1079591,0,0,NA,NA
1,"Death_PLE",194083,"Vaginitis and vulvovaginitis",3943,"[CBJ] noncardiac_noPACE_0day_nonminor7",3944,"[CBJ] noncardiac_PACE_0day_nonminor7",NA,NA,NA,NA,855,3310,275446,1079591,0,0,NA,NA
1,"Death_PLE",196236,"Septic shock",3943,"[CBJ] noncardiac_noPACE_0day_nonminor7",3944,"[CBJ] noncardiac_PACE_0day_nonminor7",NA,NA,NA,NA,855,3310,275446,1079591,0,0,NA,NA
1,"Death_PLE",253954,"Pulmonary tuberculosis",3943,"[CBJ] noncardiac_noPACE_0day_nonminor7",3944,"[CBJ] noncardiac_PACE_0day_nonminor7",0.630486566397143,0.18517420025633,1.63326823336888,0.406233668620187,855,3310,274642,1074191,4,25,-0.461263430073544,0.555377892055863
1,"Death_PLE",254443,"Sjögren's syndrome",3943,"[CBJ] noncardiac_noPACE_0day_nonminor7",3944,"[CBJ] noncardiac_PACE_0day_nonminor7",2,0.0930027048460901,20.8728603679846,0.615736177392469,855,3310,275195,1079015,1,2,0.693147180559945,1.3810397825492
1,"Death_PLE",378427,"Tear film insufficiency",3943,"[CBJ] noncardiac_noPACE_0day_nonminor7",3944,"[CBJ] noncardiac_PACE_0day_nonminor7",NA,NA,NA,NA,855,3310,275446,1079591,0,0,NA,NA
1,"Death_PLE",380038,"Viral conjunctivitis",3943,"[CBJ] noncardiac_noPACE_0day_nonminor7",3944,"[CBJ] noncardiac_PACE_0day_nonminor7",0.28650479686019,NA,25.2598765010408,NA,855,3310,275446,1079333,0,1,-1.25,NA
1,"Death_PLE",380706,"Regular astigmatism",3943,"[CBJ] noncardiac_noPACE_0day_nonminor7",3944,"[CBJ] noncardiac_PACE_0day_nonminor7",NA,NA,NA,NA,855,3310,275446,1079591,0,0,NA,NA
1,"Death_PLE",434327,"Cannabis abuse",3943,"[CBJ] noncardiac_noPACE_0day_nonminor7",3944,"[CBJ] noncardiac_PACE_0day_nonminor7",NA,NA,NA,NA,855,3310,275446,1079591,0,0,NA,NA
1,"Death_PLE",437264,"Tobacco dependence syndrome",3943,"[CBJ] noncardiac_noPACE_0day_nonminor7",3944,"[CBJ] noncardiac_PACE_0day_nonminor7",NA,NA,NA,NA,855,3310,275446,1079591,0,0,NA,NA
1,"Death_PLE",438688,"Sarcoidosis",3943,"[CBJ] noncardiac_noPACE_0day_nonminor7",3944,"[CBJ] noncardiac_PACE_0day_nonminor7",NA,NA,NA,NA,855,3310,275446,1079591,0,0,NA,NA
1,"Death_PLE",439790,"Psychalgia",3943,"[CBJ] noncardiac_noPACE_0day_nonminor7",3944,"[CBJ] noncardiac_PACE_0day_nonminor7",NA,NA,NA,NA,855,3310,275446,1079591,0,0,NA,NA
1,"Death_PLE",440193,"Wristdrop",3943,"[CBJ] noncardiac_noPACE_0day_nonminor7",3944,"[CBJ] noncardiac_PACE_0day_nonminor7",NA,NA,NA,NA,855,3310,275446,1079591,0,0,NA,NA
1,"Death_PLE",443172,"Splinter of face, without major open wound",3943,"[CBJ] noncardiac_noPACE_0day_nonminor7",3944,"[CBJ] noncardiac_PACE_0day_nonminor7",NA,NA,NA,NA,855,3310,275446,1079591,0,0,NA,NA
1,"Death_PLE",4030042,"Toxic goiter",3943,"[CBJ] noncardiac_noPACE_0day_nonminor7",3944,"[CBJ] noncardiac_PACE_0day_nonminor7",1.0216272797495,0.23082318383609,3.27819851547836,0.974783145460359,855,3310,274781,1076959,3,11,0.0213967283451209,0.67689951418818
1,"Death_PLE",4087647,"Rectal mass",3943,"[CBJ] noncardiac_noPACE_0day_nonminor7",3944,"[CBJ] noncardiac_PACE_0day_nonminor7",0.665255357315934,0.306043065272489,1.28416652234156,0.265258266221439,855,3310,272865,1065738,9,54,-0.407584316070054,0.365858594651673
1,"Death_PLE",4115367,"Wrist joint pain",3943,"[CBJ] noncardiac_noPACE_0day_nonminor7",3944,"[CBJ] noncardiac_PACE_0day_nonminor7",NA,NA,NA,NA,855,3310,275446,1079591,0,0,NA,NA
1,"Death_PLE",4169984,"Scar",3943,"[CBJ] noncardiac_noPACE_0day_nonminor7",3944,"[CBJ] noncardiac_PACE_0day_nonminor7",0.453768226591831,0.0243723095336011,2.49650924045849,0.503430858832249,855,3310,275119,1077455,1,8,-0.790168725412397,1.18094034766214
1,"Death_PLE",4213540,"Cervical somatic dysfunction",3943,"[CBJ] noncardiac_noPACE_0day_nonminor7",3944,"[CBJ] noncardiac_PACE_0day_nonminor7",NA,NA,NA,NA,855,3310,275446,1079591,0,0,NA,NA
1,"Death_PLE",4234533,"Tonsillitis",3943,"[CBJ] noncardiac_noPACE_0day_nonminor7",3944,"[CBJ] noncardiac_PACE_0day_nonminor7",0.28650479686019,NA,25.2598765010408,NA,855,3310,275446,1079281,0,1,-1.25,NA
1,"Death_PLE",4248870,"Visceroptosis",3943,"[CBJ] noncardiac_noPACE_0day_nonminor7",3944,"[CBJ] noncardiac_PACE_0day_nonminor7",1.5,0.328579130694845,5.18595202563103,0.564553996153268,855,3310,274478,1077498,3,8,0.405465108108165,0.703821866942329
1,"Death_PLE",4291005,"Viral hepatitis",3943,"[CBJ] noncardiac_noPACE_0day_nonminor7",3944,"[CBJ] noncardiac_PACE_0day_nonminor7",0.820907307173534,0.390334285474367,1.56065540280788,0.576711385900875,855,3310,273403,1068789,10,46,-0.197345078250146,0.353541605539994
1,"Death_PLE",36713918,"Somatic dysfunction of lumbar region",3943,"[CBJ] noncardiac_noPACE_0day_nonminor7",3944,"[CBJ] noncardiac_PACE_0day_nonminor7",NA,NA,NA,NA,855,3310,275446,1079591,0,0,NA,NA
