"cohortDefinitionId","cohortName","cohortCount","personCount"
3269,"any death",20221,20221
3943,"[CBJ] noncardiac_noPACE_0day_nonminor7",21877,21877
3944,"[CBJ] noncardiac_PACE_0day_nonminor7",857,857
73560,"Calcaneal spur",5,3
81893,"Ulcerative colitis",9191,579
134461,"Tietze's disease",501,293
140641,"Verruca vulgaris",11646,2643
196236,"Septic shock",126,37
253954,"Pulmonary tuberculosis",23880,3366
254443,"Sjögren's syndrome",6998,472
380038,"Viral conjunctivitis",1914,1405
438688,"Sarcoidosis",1004,101
4030042,"Toxic goiter",21925,1823
4087647,"Rectal mass",67261,4446
4169984,"Scar",7316,1378
4234533,"Tonsillitis",8712,3340
4248870,"Visceroptosis",2668,538
4291005,"Viral hepatitis",70099,8695
