"analysisId","analysisDescription","outcomeId","outcomeName","comparatorId","comparatorName","targetId","targetName","rr","ci95lb","ci95ub","p","target","comparator","targetDays","comparatorDays","eventsTarget","eventsComparator","logRr","seLogRr"
1,"Death_PLE",3269,"any death",3912,"[CBJ] noncardiac_noPACE_0day",3913,"[CBJ] noncardiac_PACE_0day",0.863527455538215,0.644794850957439,1.1425416836884,0.314702778336949,1826,6253,503233,1589584,69,222,-0.146729586257313,0.1459410493181
1,"Death_PLE",72748,"Strain of rotator cuff capsule",3912,"[CBJ] noncardiac_noPACE_0day",3913,"[CBJ] noncardiac_PACE_0day",NA,NA,NA,NA,1826,6253,503233,1589584,0,0,NA,NA
1,"Death_PLE",73560,"Calcaneal spur",3912,"[CBJ] noncardiac_noPACE_0day",3913,"[CBJ] noncardiac_PACE_0day",NA,NA,NA,NA,1826,6253,503233,1589584,0,0,NA,NA
1,"Death_PLE",81151,"Sprain of ankle",3912,"[CBJ] noncardiac_noPACE_0day",3913,"[CBJ] noncardiac_PACE_0day",NA,NA,NA,NA,1826,6253,503233,1589584,0,0,NA,NA
1,"Death_PLE",81634,"Ptotic breast",3912,"[CBJ] noncardiac_noPACE_0day",3913,"[CBJ] noncardiac_PACE_0day",NA,NA,NA,NA,1826,6253,503233,1589584,0,0,NA,NA
1,"Death_PLE",81893,"Ulcerative colitis",3912,"[CBJ] noncardiac_noPACE_0day",3913,"[CBJ] noncardiac_PACE_0day",0.247746598059775,NA,2.80435997446597,NA,1826,6253,503233,1588623,0,4,-1.3953488372093,NA
1,"Death_PLE",134461,"Tietze's disease",3912,"[CBJ] noncardiac_noPACE_0day",3913,"[CBJ] noncardiac_PACE_0day",0.28650479686019,NA,25.2598765010408,NA,1826,6253,503233,1589369,0,1,-1.25,NA
1,"Death_PLE",140641,"Verruca vulgaris",3912,"[CBJ] noncardiac_noPACE_0day",3913,"[CBJ] noncardiac_PACE_0day",0.968018960655164,0.204360634294434,3.50614713299053,0.964246293051446,1826,6253,502613,1587536,3,10,-0.0325036044437101,0.72511199307987
1,"Death_PLE",141932,"Senile hyperkeratosis",3912,"[CBJ] noncardiac_noPACE_0day",3913,"[CBJ] noncardiac_PACE_0day",0.873714515134384,0.119708301603974,4.32220995620536,0.882694890085817,1826,6253,502888,1588240,2,7,-0.135001598408302,0.914931136256632
1,"Death_PLE",194083,"Vaginitis and vulvovaginitis",3912,"[CBJ] noncardiac_noPACE_0day",3913,"[CBJ] noncardiac_PACE_0day",NA,NA,NA,NA,1826,6253,503233,1589584,0,0,NA,NA
1,"Death_PLE",196236,"Septic shock",3912,"[CBJ] noncardiac_noPACE_0day",3913,"[CBJ] noncardiac_PACE_0day",0.97743377922125,0.213004582274986,3.34391623091292,0.974079158306554,1826,6253,502589,1588626,3,10,-0.0228247344596144,0.702457868241534
1,"Death_PLE",253954,"Pulmonary tuberculosis",3912,"[CBJ] noncardiac_noPACE_0day",3913,"[CBJ] noncardiac_PACE_0day",1.54950097102253,0.798491227851226,2.88423157872191,0.181331940087917,1826,6253,499902,1582305,15,34,0.437932924913771,0.327630972113476
1,"Death_PLE",254443,"Sjögren's syndrome",3912,"[CBJ] noncardiac_noPACE_0day",3913,"[CBJ] noncardiac_PACE_0day",NA,NA,NA,NA,1826,6253,503233,1589584,0,0,NA,NA
1,"Death_PLE",378427,"Tear film insufficiency",3912,"[CBJ] noncardiac_noPACE_0day",3913,"[CBJ] noncardiac_PACE_0day",1.43501942535353,1.0033745912744,2.02930878391959,0.0444165629733719,1826,6253,491829,1568117,56,108,0.361178385951694,0.179678384392496
1,"Death_PLE",380038,"Viral conjunctivitis",3912,"[CBJ] noncardiac_noPACE_0day",3913,"[CBJ] noncardiac_PACE_0day",NA,NA,NA,NA,1826,6253,503233,1589584,0,0,NA,NA
1,"Death_PLE",380706,"Regular astigmatism",3912,"[CBJ] noncardiac_noPACE_0day",3913,"[CBJ] noncardiac_PACE_0day",0.28650479686019,NA,25.2598765010408,NA,1826,6253,503233,1589262,0,1,-1.25,NA
1,"Death_PLE",434327,"Cannabis abuse",3912,"[CBJ] noncardiac_noPACE_0day",3913,"[CBJ] noncardiac_PACE_0day",NA,NA,NA,NA,1826,6253,503233,1589584,0,0,NA,NA
1,"Death_PLE",437264,"Tobacco dependence syndrome",3912,"[CBJ] noncardiac_noPACE_0day",3913,"[CBJ] noncardiac_PACE_0day",NA,NA,NA,NA,1826,6253,503233,1589584,0,0,NA,NA
1,"Death_PLE",438688,"Sarcoidosis",3912,"[CBJ] noncardiac_noPACE_0day",3913,"[CBJ] noncardiac_PACE_0day",4,0.158306952408811,101.069471406926,0.400163051790206,1826,6253,502898,1589279,1,1,1.38629436111989,1.64774137711557
1,"Death_PLE",439790,"Psychalgia",3912,"[CBJ] noncardiac_noPACE_0day",3913,"[CBJ] noncardiac_PACE_0day",NA,NA,NA,NA,1826,6253,503233,1589584,0,0,NA,NA
1,"Death_PLE",440193,"Wristdrop",3912,"[CBJ] noncardiac_noPACE_0day",3913,"[CBJ] noncardiac_PACE_0day",NA,NA,NA,NA,1826,6253,503233,1589584,0,0,NA,NA
1,"Death_PLE",443172,"Splinter of face, without major open wound",3912,"[CBJ] noncardiac_noPACE_0day",3913,"[CBJ] noncardiac_PACE_0day",NA,NA,NA,NA,1826,6253,503233,1589584,0,0,NA,NA
1,"Death_PLE",4030042,"Toxic goiter",3912,"[CBJ] noncardiac_noPACE_0day",3913,"[CBJ] noncardiac_PACE_0day",0.617244865159676,0.0931765820096482,2.40468785059074,0.560685043127549,1826,6253,502590,1587043,2,11,-0.482489469690314,0.829270074290878
1,"Death_PLE",4087647,"Rectal mass",3912,"[CBJ] noncardiac_noPACE_0day",3913,"[CBJ] noncardiac_PACE_0day",0.914021735151872,0.458438067778313,1.68609484170581,0.786704274920965,1826,6253,500850,1576890,12,54,-0.0899009275570439,0.332237018869446
1,"Death_PLE",4115367,"Wrist joint pain",3912,"[CBJ] noncardiac_noPACE_0day",3913,"[CBJ] noncardiac_PACE_0day",NA,NA,NA,NA,1826,6253,503233,1589584,0,0,NA,NA
1,"Death_PLE",4169984,"Scar",3912,"[CBJ] noncardiac_noPACE_0day",3913,"[CBJ] noncardiac_PACE_0day",0.823762070972543,0.178055722796096,2.85538491489879,0.784179561795206,1826,6253,502397,1587547,3,11,-0.193873539588362,0.707886829937254
1,"Death_PLE",4213540,"Cervical somatic dysfunction",3912,"[CBJ] noncardiac_noPACE_0day",3913,"[CBJ] noncardiac_PACE_0day",NA,NA,NA,NA,1826,6253,503233,1589584,0,0,NA,NA
1,"Death_PLE",4234533,"Tonsillitis",3912,"[CBJ] noncardiac_noPACE_0day",3913,"[CBJ] noncardiac_PACE_0day",1.85999732155636,0.568974347103938,5.41202908786395,0.280169472251495,1826,6253,501986,1587818,5,10,0.62057504770061,0.574639134394193
1,"Death_PLE",4248870,"Visceroptosis",3912,"[CBJ] noncardiac_noPACE_0day",3913,"[CBJ] noncardiac_PACE_0day",0.626565726356348,0.181154442696778,1.66526059705606,0.40875679592582,1826,6253,502157,1583786,4,24,-0.467501599763492,0.565925440572445
1,"Death_PLE",4291005,"Viral hepatitis",3912,"[CBJ] noncardiac_noPACE_0day",3913,"[CBJ] noncardiac_PACE_0day",0.504679908298823,0.277769202810788,0.855891673728378,0.017219878102333,1826,6253,499417,1568951,15,92,-0.683830895624241,0.28708518739762
1,"Death_PLE",36713918,"Somatic dysfunction of lumbar region",3912,"[CBJ] noncardiac_noPACE_0day",3913,"[CBJ] noncardiac_PACE_0day",NA,NA,NA,NA,1826,6253,503233,1589584,0,0,NA,NA
