"cohortDefinitionId","cohortName","cohortCount","personCount"
3269,"any death",8112,8112
3912,"[CBJ] noncardiac_noPACE_0day",152323,90007
3913,"[CBJ] noncardiac_PACE_0day",2792,1839
73560,"Calcaneal spur",3,3
81893,"Ulcerative colitis",3304,224
134461,"Tietze's disease",232,164
140641,"Verruca vulgaris",27740,6022
141932,"Senile hyperkeratosis",6674,2221
196236,"Septic shock",650,268
253954,"Pulmonary tuberculosis",39239,4284
254443,"Sjögren's syndrome",2791,167
378427,"Tear film insufficiency",32567,9059
380038,"Viral conjunctivitis",2042,1071
380706,"Regular astigmatism",116,48
438688,"Sarcoidosis",476,32
4030042,"Toxic goiter",14010,1228
4087647,"Rectal mass",31277,2097
4169984,"Scar",9819,2367
4234533,"Tonsillitis",62051,22046
4248870,"Visceroptosis",6529,1211
4291005,"Viral hepatitis",93203,11156
