"analysisId","analysisDescription","outcomeId","outcomeName","comparatorId","comparatorName","targetId","targetName","rr","ci95lb","ci95ub","p","target","comparator","targetDays","comparatorDays","eventsTarget","eventsComparator","logRr","seLogRr"
1,"Death_PLE",3269,"any death",3943,"[CBJ] noncardiac_noPACE_0day_nonminor7",3944,"[CBJ] noncardiac_PACE_0day_nonminor7",1.10818221893547,0.774789803634791,1.55642713184572,0.563775799501237,1101,3843,360655,1262646,47,129,0.102721032326422,0.177951331618422
1,"Death_PLE",72748,"Strain of rotator cuff capsule",3943,"[CBJ] noncardiac_noPACE_0day_nonminor7",3944,"[CBJ] noncardiac_PACE_0day_nonminor7",NA,NA,NA,NA,1101,3843,360655,1262646,0,0,NA,NA
1,"Death_PLE",73560,"Calcaneal spur",3943,"[CBJ] noncardiac_noPACE_0day_nonminor7",3944,"[CBJ] noncardiac_PACE_0day_nonminor7",NA,NA,NA,NA,1101,3843,360655,1262646,0,0,NA,NA
1,"Death_PLE",81151,"Sprain of ankle",3943,"[CBJ] noncardiac_noPACE_0day_nonminor7",3944,"[CBJ] noncardiac_PACE_0day_nonminor7",2,0.277341183187275,10.2452369173646,0.451571584158429,1101,3843,360114,1261735,2,4,0.693147180559945,0.920761748055305
1,"Death_PLE",81634,"Ptotic breast",3943,"[CBJ] noncardiac_noPACE_0day_nonminor7",3944,"[CBJ] noncardiac_PACE_0day_nonminor7",NA,NA,NA,NA,1101,3843,360655,1262646,0,0,NA,NA
1,"Death_PLE",81893,"Ulcerative colitis",3943,"[CBJ] noncardiac_noPACE_0day_nonminor7",3944,"[CBJ] noncardiac_PACE_0day_nonminor7",0.829926287256232,0.121865414996961,3.42805477742158,0.826654556364982,1101,3843,360009,1260213,2,8,-0.186418392670043,0.851248034472888
1,"Death_PLE",134461,"Tietze's disease",3943,"[CBJ] noncardiac_noPACE_0day_nonminor7",3944,"[CBJ] noncardiac_PACE_0day_nonminor7",NA,NA,NA,NA,1101,3843,360065,1262646,3,0,NA,NA
1,"Death_PLE",140641,"Verruca vulgaris",3943,"[CBJ] noncardiac_noPACE_0day_nonminor7",3944,"[CBJ] noncardiac_PACE_0day_nonminor7",1.88691483749928,0.654868376920751,4.87536350981244,0.21504690740976,1101,3843,359399,1260424,6,12,0.634943134207018,0.512130758122756
1,"Death_PLE",141932,"Senile hyperkeratosis",3943,"[CBJ] noncardiac_noPACE_0day_nonminor7",3944,"[CBJ] noncardiac_PACE_0day_nonminor7",NA,NA,NA,NA,1101,3843,360655,1262646,0,0,NA,NA
1,"Death_PLE",194083,"Vaginitis and vulvovaginitis",3943,"[CBJ] noncardiac_noPACE_0day_nonminor7",3944,"[CBJ] noncardiac_PACE_0day_nonminor7",NA,NA,NA,NA,1101,3843,360655,1262646,0,0,NA,NA
1,"Death_PLE",196236,"Septic shock",3943,"[CBJ] noncardiac_noPACE_0day_nonminor7",3944,"[CBJ] noncardiac_PACE_0day_nonminor7",1.5196421032236,0.511972520247366,4.03838036772297,0.427048646356843,1101,3843,359635,1261601,6,12,0.418474848727973,0.526879079304254
1,"Death_PLE",253954,"Pulmonary tuberculosis",3943,"[CBJ] noncardiac_noPACE_0day_nonminor7",3944,"[CBJ] noncardiac_PACE_0day_nonminor7",0.187305701896306,0.010319667847448,0.931095470565465,0.144744887102972,1101,3843,360347,1258437,1,17,-1.67501322740974,1.14856963688613
1,"Death_PLE",254443,"Sjögren's syndrome",3943,"[CBJ] noncardiac_noPACE_0day_nonminor7",3944,"[CBJ] noncardiac_PACE_0day_nonminor7",0.273352671309013,NA,1.48195034016985,NA,1101,3843,360655,1260427,0,8,-1.29699248120301,NA
1,"Death_PLE",378427,"Tear film insufficiency",3943,"[CBJ] noncardiac_noPACE_0day_nonminor7",3944,"[CBJ] noncardiac_PACE_0day_nonminor7",1.15213397430601,0.762957352755196,1.69536842199265,0.486899159635318,1101,3843,353696,1240927,33,104,0.141615852652343,0.203690788463508
1,"Death_PLE",380038,"Viral conjunctivitis",3943,"[CBJ] noncardiac_noPACE_0day_nonminor7",3944,"[CBJ] noncardiac_PACE_0day_nonminor7",0.28650479686019,NA,25.2598765010408,NA,1101,3843,360655,1262442,0,1,-1.25,NA
1,"Death_PLE",380706,"Regular astigmatism",3943,"[CBJ] noncardiac_noPACE_0day_nonminor7",3944,"[CBJ] noncardiac_PACE_0day_nonminor7",NA,NA,NA,NA,1101,3843,360544,1262646,1,0,NA,NA
1,"Death_PLE",434327,"Cannabis abuse",3943,"[CBJ] noncardiac_noPACE_0day_nonminor7",3944,"[CBJ] noncardiac_PACE_0day_nonminor7",NA,NA,NA,NA,1101,3843,360655,1262646,0,0,NA,NA
1,"Death_PLE",437264,"Tobacco dependence syndrome",3943,"[CBJ] noncardiac_noPACE_0day_nonminor7",3944,"[CBJ] noncardiac_PACE_0day_nonminor7",NA,NA,NA,NA,1101,3843,360655,1262646,0,0,NA,NA
1,"Death_PLE",438688,"Sarcoidosis",3943,"[CBJ] noncardiac_noPACE_0day_nonminor7",3944,"[CBJ] noncardiac_PACE_0day_nonminor7",NA,NA,NA,NA,1101,3843,360333,1262646,1,0,NA,NA
1,"Death_PLE",439790,"Psychalgia",3943,"[CBJ] noncardiac_noPACE_0day_nonminor7",3944,"[CBJ] noncardiac_PACE_0day_nonminor7",NA,NA,NA,NA,1101,3843,360655,1262646,0,0,NA,NA
1,"Death_PLE",440193,"Wristdrop",3943,"[CBJ] noncardiac_noPACE_0day_nonminor7",3944,"[CBJ] noncardiac_PACE_0day_nonminor7",NA,NA,NA,NA,1101,3843,360655,1262646,0,0,NA,NA
1,"Death_PLE",443172,"Splinter of face, without major open wound",3943,"[CBJ] noncardiac_noPACE_0day_nonminor7",3944,"[CBJ] noncardiac_PACE_0day_nonminor7",NA,NA,NA,NA,1101,3843,360655,1262646,0,0,NA,NA
1,"Death_PLE",4030042,"Toxic goiter",3943,"[CBJ] noncardiac_noPACE_0day_nonminor7",3944,"[CBJ] noncardiac_PACE_0day_nonminor7",1.58152088217934,0.425236461951489,4.90010107303927,0.462280921825067,1101,3843,359658,1260494,4,9,0.458386967710124,0.623574140916239
1,"Death_PLE",4087647,"Rectal mass",3943,"[CBJ] noncardiac_noPACE_0day_nonminor7",3944,"[CBJ] noncardiac_PACE_0day_nonminor7",0.638990539656396,0.364878825374606,1.05293716456604,0.09760415462031,1101,3843,356487,1235974,17,93,-0.447865629633764,0.270355356717757
1,"Death_PLE",4115367,"Wrist joint pain",3943,"[CBJ] noncardiac_noPACE_0day_nonminor7",3944,"[CBJ] noncardiac_PACE_0day_nonminor7",NA,NA,NA,NA,1101,3843,360655,1262646,0,0,NA,NA
1,"Death_PLE",4169984,"Scar",3943,"[CBJ] noncardiac_noPACE_0day_nonminor7",3944,"[CBJ] noncardiac_PACE_0day_nonminor7",0.888888888888889,0.256795290710329,2.38214920193681,0.835795001036258,1101,3843,360166,1258767,4,18,-0.117783035656384,0.568244919162933
1,"Death_PLE",4213540,"Cervical somatic dysfunction",3943,"[CBJ] noncardiac_noPACE_0day_nonminor7",3944,"[CBJ] noncardiac_PACE_0day_nonminor7",NA,NA,NA,NA,1101,3843,360655,1262646,0,0,NA,NA
1,"Death_PLE",4234533,"Tonsillitis",3943,"[CBJ] noncardiac_noPACE_0day_nonminor7",3944,"[CBJ] noncardiac_PACE_0day_nonminor7",1.36150788441722,0.425703478344055,3.73837274537661,0.577688277450647,1101,3843,359335,1260437,5,12,0.308592824093405,0.554260862537323
1,"Death_PLE",4248870,"Visceroptosis",3943,"[CBJ] noncardiac_noPACE_0day_nonminor7",3944,"[CBJ] noncardiac_PACE_0day_nonminor7",0.784294398349191,0.318295880432522,1.66832453993385,0.565337546394593,1101,3843,358579,1252584,7,35,-0.242970821018792,0.42260820952987
1,"Death_PLE",4291005,"Viral hepatitis",3943,"[CBJ] noncardiac_noPACE_0day_nonminor7",3944,"[CBJ] noncardiac_PACE_0day_nonminor7",0.64565762459037,0.378617054679491,1.04494544785714,0.0911723528325417,1101,3843,356184,1239665,19,91,-0.437485908589576,0.258982992437315
1,"Death_PLE",36713918,"Somatic dysfunction of lumbar region",3943,"[CBJ] noncardiac_noPACE_0day_nonminor7",3944,"[CBJ] noncardiac_PACE_0day_nonminor7",NA,NA,NA,NA,1101,3843,360655,1262646,0,0,NA,NA
