"cohortDefinitionId","cohortName","cohortCount","personCount"
3269,"any death",11602,11602
3943,"[CBJ] noncardiac_noPACE_0day_nonminor7",18367,18367
3944,"[CBJ] noncardiac_PACE_0day_nonminor7",639,639
73560,"Calcaneal spur",4,3
81893,"Ulcerative colitis",15742,762
134461,"Tietze's disease",245,139
140641,"Verruca vulgaris",12056,2811
141932,"Senile hyperkeratosis",3815,1712
196236,"Septic shock",1291,687
253954,"Pulmonary tuberculosis",21723,2017
254443,"Sjögren's syndrome",4268,308
380038,"Viral conjunctivitis",867,359
438688,"Sarcoidosis",3167,185
4030042,"Toxic goiter",18797,1638
4087647,"Rectal mass",78761,4049
4169984,"Scar",10301,1748
4234533,"Tonsillitis",11290,2850
4248870,"Visceroptosis",4950,789
4291005,"Viral hepatitis",195500,12090
