"database_id","exposure_id","target_id","comparator_id","outcome_id","analysis_id","sequence_number","description","subjects"
"cdmpv532",3944,3944,3943,3269,1,1,"Original cohorts",575
"cdmpv532",3944,3944,3943,3269,1,2,"First exp. only & first cohort only & 180 days of obs. prior",575
"cdmpv532",3944,3944,3943,3269,1,3,"Have at least 1 days at risk",575
"cdmpv532",3944,3944,3943,3269,1,4,"Matched on propensity score",575
"cdmpv532",3943,3944,3943,3269,1,1,"Original cohorts",30818
"cdmpv532",3943,3944,3943,3269,1,2,"First exp. only & first cohort only & 180 days of obs. prior",30818
"cdmpv532",3943,3944,3943,3269,1,3,"Have at least 1 days at risk",30818
"cdmpv532",3943,3944,3943,3269,1,4,"Matched on propensity score",2149
