{
  "getPlpDataArgs": {
    "maxSampleSize": null,
    "washoutPeriod": 0
  },
  "skeletonType": "PatientLevelPredictionStudy",
  "populationSettings": [{
    "minTimeAtRisk": 364,
    "requireTimeAtRisk": true,
    "addExposureDaysToStart": false,
    "riskWindowStart": 1,
    "washoutPeriod": 365,
    "attr_class": "populationSettings",
    "addExposureDaysToEnd": false,
    "includeAllOutcomes": true,
    "priorOutcomeLookback": 99999,
    "binary": true,
    "removeSubjectsWithPriorOutcome": false,
    "riskWindowEnd": 365,
    "firstExposureOnly": false
  }],
  "organizationName": "OHDSI",
  "targetIds": [1821],
  "runPlpArgs": {
    "nfold": 3,
    "minCovariateFraction": 0.001,
    "splitSeed": 328,
    "testSplit": "person",
    "testFraction": 0.25,
    "normalizeData": true
  },
  "version": "v2.7.0",
  "outcomeIds": [1822],
  "skeletonVersion": "v0.0.1",
  "conceptSetCrossReference": [],
  "cohortDefinitions": [
    {
      "expression": {
        "ExpressionLimit": {"Type": "First"},
        "CollapseSettings": {
          "CollapseType": "ERA",
          "EraPad": 0
        },
        "CensorWindow": {
          "StartDate": null,
          "EndDate": null
        },
        "ConceptSets": [
          {
            "expression": {"items": [{
              "isExcluded": false,
              "concept": {
                "INVALID_REASON_CAPTION": "Valid",
                "CONCEPT_ID": 4162253,
                "STANDARD_CONCEPT": "S",
                "CONCEPT_CODE": "372137005",
                "VOCABULARY_ID": "SNOMED",
                "CONCEPT_NAME": "Primary malignant neoplasm of breast",
                "DOMAIN_ID": "Condition",
                "STANDARD_CONCEPT_CAPTION": "Standard",
                "CONCEPT_CLASS_ID": "Clinical Finding",
                "INVALID_REASON": "V"
              },
              "includeMapped": false,
              "includeDescendants": true
            }]},
            "name": "[SJH] breast malignant neoplasm",
            "id": 0
          },
          {
            "expression": {"items": [{
              "isExcluded": false,
              "concept": {
                "INVALID_REASON_CAPTION": "Valid",
                "CONCEPT_ID": 1112807,
                "STANDARD_CONCEPT": "S",
                "CONCEPT_CODE": "1191",
                "VOCABULARY_ID": "RxNorm",
                "CONCEPT_NAME": "aspirin",
                "DOMAIN_ID": "Drug",
                "STANDARD_CONCEPT_CAPTION": "Standard",
                "CONCEPT_CLASS_ID": "Ingredient",
                "INVALID_REASON": "V"
              },
              "includeMapped": false,
              "includeDescendants": true
            }]},
            "name": "[Seol] Aspirin",
            "id": 1
          }
        ],
        "cdmVersionRange": ">=5.0.0",
        "CensoringCriteria": [],
        "QualifiedLimit": {"Type": "First"},
        "InclusionRules": [],
        "PrimaryCriteria": {
          "CriteriaList": [{"ConditionOccurrence": {
            "OccurrenceEndDate": null,
            "CorrelatedCriteria": null,
            "ConditionTypeExclude": false,
            "CodesetId": 1,
            "ProviderSpecialty": null,
            "Gender": null,
            "VisitType": null,
            "First": null,
            "OccurrenceStartDate": null,
            "ConditionType": null,
            "ConditionSourceConcept": null,
            "ConditionStatus": null,
            "StopReason": null,
            "Age": null
          }}],
          "PrimaryCriteriaLimit": {"Type": "First"},
          "ObservationWindow": {
            "PostDays": 0,
            "PriorDays": 0
          }
        }
      },
      "createdDate": null,
      "createdBy": null,
      "name": "[cbj] fl_outcome",
      "modifiedDate": null,
      "description": null,
      "expressionType": "SIMPLE_EXPRESSION",
      "modifiedBy": null,
      "id": 1822
    },
    {
      "expression": {
        "ExpressionLimit": {"Type": "First"},
        "CollapseSettings": {
          "CollapseType": "ERA",
          "EraPad": 0
        },
        "CensorWindow": {
          "StartDate": null,
          "EndDate": null
        },
        "ConceptSets": [{
          "expression": {"items": [{
            "isExcluded": false,
            "concept": {
              "INVALID_REASON_CAPTION": "Valid",
              "CONCEPT_ID": 4162253,
              "STANDARD_CONCEPT": "S",
              "CONCEPT_CODE": "372137005",
              "VOCABULARY_ID": "SNOMED",
              "CONCEPT_NAME": "Primary malignant neoplasm of breast",
              "DOMAIN_ID": "Condition",
              "STANDARD_CONCEPT_CAPTION": "Standard",
              "CONCEPT_CLASS_ID": "Clinical Finding",
              "INVALID_REASON": "V"
            },
            "includeMapped": false,
            "includeDescendants": true
          }]},
          "name": "[SJH] breast malignant neoplasm",
          "id": 0
        }],
        "cdmVersionRange": ">=5.0.0",
        "CensoringCriteria": [],
        "QualifiedLimit": {"Type": "First"},
        "InclusionRules": [],
        "PrimaryCriteria": {
          "CriteriaList": [{"ConditionOccurrence": {
            "OccurrenceEndDate": null,
            "CorrelatedCriteria": null,
            "ConditionTypeExclude": false,
            "CodesetId": 0,
            "ProviderSpecialty": null,
            "Gender": null,
            "VisitType": null,
            "First": null,
            "OccurrenceStartDate": null,
            "ConditionType": null,
            "ConditionSourceConcept": null,
            "ConditionStatus": null,
            "StopReason": null,
            "Age": null
          }}],
          "PrimaryCriteriaLimit": {"Type": "First"},
          "ObservationWindow": {
            "PostDays": 0,
            "PriorDays": 0
          }
        }
      },
      "createdDate": null,
      "createdBy": null,
      "name": "[cbj] fl_target",
      "modifiedDate": null,
      "description": null,
      "expressionType": "SIMPLE_EXPRESSION",
      "modifiedBy": null,
      "id": 1821
    }
  ],
  "modelSettings": [{"LassoLogisticRegressionSettings": {
    "seed": null,
    "variance": 0.01
  }}],
  "name": "fltest3",
  "covariateSettings": [{
    "VisitCountMediumTerm": false,
    "ObservationShortTerm": false,
    "shortTermStartDays": -30,
    "MeasurementRangeGroupShortTerm": false,
    "ConditionOccurrenceLongTerm": false,
    "DrugEraStartLongTerm": false,
    "VisitCountShortTerm": false,
    "Chads2Vasc": false,
    "ConditionGroupEraStartLongTerm": false,
    "ConditionEraShortTerm": false,
    "Dcsi": false,
    "DrugGroupEraLongTerm": false,
    "DrugGroupEraShortTerm": false,
    "ConditionEraStartLongTerm": false,
    "temporal": false,
    "DemographicsIndexMonth": false,
    "ConditionOccurrencePrimaryInpatientLongTerm": false,
    "ConditionEraAnyTimePrior": false,
    "addDescendantsToInclude": false,
    "ConditionGroupEraStartMediumTerm": false,
    "ProcedureOccurrenceLongTerm": false,
    "DrugExposureLongTerm": false,
    "DrugEraStartShortTerm": false,
    "DistinctIngredientCountMediumTerm": false,
    "DistinctMeasurementCountShortTerm": false,
    "MeasurementRangeGroupLongTerm": false,
    "ConditionGroupEraOverlapping": false,
    "attr_fun": "getDbDefaultCovariateData",
    "MeasurementRangeGroupMediumTerm": false,
    "DrugGroupEraStartMediumTerm": false,
    "MeasurementAnyTimePrior": false,
    "MeasurementMediumTerm": false,
    "includedCovariateIds": [],
    "ConditionOccurrenceAnyTimePrior": false,
    "DistinctConditionCountLongTerm": false,
    "MeasurementValueLongTerm": false,
    "DrugEraShortTerm": false,
    "DrugGroupEraAnyTimePrior": false,
    "DrugEraOverlapping": false,
    "ConditionOccurrencePrimaryInpatientAnyTimePrior": false,
    "ConditionEraMediumTerm": false,
    "ConditionEraOverlapping": false,
    "ConditionEraStartShortTerm": false,
    "ObservationAnyTimePrior": false,
    "VisitConceptCountShortTerm": false,
    "DemographicsEthnicity": false,
    "DistinctIngredientCountLongTerm": false,
    "ConditionOccurrencePrimaryInpatientShortTerm": false,
    "DemographicsAgeGroup": true,
    "DistinctProcedureCountShortTerm": false,
    "DistinctObservationCountMediumTerm": false,
    "includedCovariateConceptIds": [],
    "DrugGroupEraStartShortTerm": false,
    "addDescendantsToExclude": false,
    "DrugEraLongTerm": false,
    "DistinctConditionCountShortTerm": false,
    "ConditionGroupEraShortTerm": true,
    "ConditionEraStartMediumTerm": false,
    "VisitCountLongTerm": false,
    "DemographicsRace": false,
    "ProcedureOccurrenceAnyTimePrior": false,
    "DistinctObservationCountLongTerm": false,
    "attr_class": "covariateSettings",
    "ProcedureOccurrenceMediumTerm": false,
    "CharlsonIndex": false,
    "DemographicsPriorObservationTime": false,
    "MeasurementShortTerm": false,
    "DistinctProcedureCountMediumTerm": false,
    "ConditionEraLongTerm": false,
    "DrugGroupEraStartLongTerm": false,
    "DemographicsGender": true,
    "DeviceExposureAnyTimePrior": false,
    "ObservationLongTerm": false,
    "DemographicsIndexYearMonth": false,
    "ConditionOccurrenceMediumTerm": false,
    "longTermStartDays": -365,
    "DemographicsAge": false,
    "DrugGroupEraOverlapping": false,
    "DistinctMeasurementCountLongTerm": false,
    "MeasurementRangeGroupAnyTimePrior": false,
    "DistinctConditionCountMediumTerm": false,
    "DrugGroupEraMediumTerm": false,
    "ProcedureOccurrenceShortTerm": false,
    "ObservationMediumTerm": false,
    "ConditionGroupEraAnyTimePrior": false,
    "Chads2": false,
    "DrugExposureAnyTimePrior": false,
    "DeviceExposureLongTerm": false,
    "DemographicsTimeInCohort": false,
    "DistinctMeasurementCountMediumTerm": false,
    "MeasurementValueShortTerm": false,
    "DeviceExposureMediumTerm": false,
    "ConditionGroupEraStartShortTerm": false,
    "ConditionOccurrencePrimaryInpatientMediumTerm": false,
    "MeasurementLongTerm": false,
    "DemographicsIndexYear": false,
    "MeasurementValueMediumTerm": false,
    "DrugEraStartMediumTerm": false,
    "MeasurementValueAnyTimePrior": false,
    "DistinctObservationCountShortTerm": false,
    "DrugEraMediumTerm": false,
    "ConditionGroupEraLongTerm": true,
    "DrugExposureShortTerm": false,
    "DistinctIngredientCountShortTerm": false,
    "DeviceExposureShortTerm": false,
    "mediumTermStartDays": -180,
    "DemographicsPostObservationTime": false,
    "VisitConceptCountLongTerm": false,
    "VisitConceptCountMediumTerm": false,
    "excludedCovariateConceptIds": [],
    "ConditionGroupEraMediumTerm": false,
    "DrugExposureMediumTerm": false,
    "DistinctProcedureCountLongTerm": false,
    "DrugEraAnyTimePrior": false,
    "endDays": 0,
    "ConditionOccurrenceShortTerm": false
  }],
  "conceptSets": [],
  "id": 163,
  "packageName": "fltest3"
}