"analysisId","analysisDescription","outcomeId","outcomeName","comparatorId","comparatorName","targetId","targetName","rr","ci95lb","ci95ub","p","target","comparator","targetDays","comparatorDays","eventsTarget","eventsComparator","logRr","seLogRr"
1,"Death_PLE",3269,"any death",3943,"[CBJ] noncardiac_noPACE_0day_nonminor7",3944,"[CBJ] noncardiac_PACE_0day_nonminor7",0.928369039836421,0.468555117475847,1.69822706486301,0.820998922942401,886,3349,295340,1115189,12,47,-0.0743259530090612,0.328497449832211
1,"Death_PLE",72748,"Strain of rotator cuff capsule",3943,"[CBJ] noncardiac_noPACE_0day_nonminor7",3944,"[CBJ] noncardiac_PACE_0day_nonminor7",NA,NA,NA,NA,886,3349,295340,1115189,0,0,NA,NA
1,"Death_PLE",73560,"Calcaneal spur",3943,"[CBJ] noncardiac_noPACE_0day_nonminor7",3944,"[CBJ] noncardiac_PACE_0day_nonminor7",NA,NA,NA,NA,886,3349,295340,1115189,0,0,NA,NA
1,"Death_PLE",81151,"Sprain of ankle",3943,"[CBJ] noncardiac_noPACE_0day_nonminor7",3944,"[CBJ] noncardiac_PACE_0day_nonminor7",0.28650479686019,NA,7.19861403700603,NA,886,3349,295340,1114546,0,2,-1.25,NA
1,"Death_PLE",81634,"Ptotic breast",3943,"[CBJ] noncardiac_noPACE_0day_nonminor7",3944,"[CBJ] noncardiac_PACE_0day_nonminor7",NA,NA,NA,NA,886,3349,295340,1115189,0,0,NA,NA
1,"Death_PLE",81893,"Ulcerative colitis",3943,"[CBJ] noncardiac_noPACE_0day_nonminor7",3944,"[CBJ] noncardiac_PACE_0day_nonminor7",0.4,0.0218047961629866,2.08911626823976,0.431126467336592,886,3349,295008,1112313,1,10,-0.916290731874155,1.16389038275416
1,"Death_PLE",134461,"Tietze's disease",3943,"[CBJ] noncardiac_noPACE_0day_nonminor7",3944,"[CBJ] noncardiac_PACE_0day_nonminor7",NA,NA,NA,NA,886,3349,295340,1115189,0,0,NA,NA
1,"Death_PLE",140641,"Verruca vulgaris",3943,"[CBJ] noncardiac_noPACE_0day_nonminor7",3944,"[CBJ] noncardiac_PACE_0day_nonminor7",7.29150262212918,0.69543428618228,157.17865791504,0.150804303287217,886,3349,294860,1114857,2,1,1.98670964578593,1.38283200762874
1,"Death_PLE",141932,"Senile hyperkeratosis",3943,"[CBJ] noncardiac_noPACE_0day_nonminor7",3944,"[CBJ] noncardiac_PACE_0day_nonminor7",0.282007169443094,NA,1.82194599743215,NA,886,3349,295340,1114065,0,6,-1.26582278481013,NA
1,"Death_PLE",194083,"Vaginitis and vulvovaginitis",3943,"[CBJ] noncardiac_noPACE_0day_nonminor7",3944,"[CBJ] noncardiac_PACE_0day_nonminor7",NA,NA,NA,NA,886,3349,295340,1115189,0,0,NA,NA
1,"Death_PLE",196236,"Septic shock",3943,"[CBJ] noncardiac_noPACE_0day_nonminor7",3944,"[CBJ] noncardiac_PACE_0day_nonminor7",0.969471025876108,0.146251070829884,3.87484975842478,0.97041457237279,886,3349,294986,1113212,2,8,-0.0310046903817989,0.835968769545142
1,"Death_PLE",253954,"Pulmonary tuberculosis",3943,"[CBJ] noncardiac_noPACE_0day_nonminor7",3944,"[CBJ] noncardiac_PACE_0day_nonminor7",0.200628812693354,0.0111685270475649,0.967190429521068,0.158133122692844,886,3349,295022,1110183,1,19,-1.60629878119941,1.13810654222341
1,"Death_PLE",254443,"Sjögren's syndrome",3943,"[CBJ] noncardiac_noPACE_0day_nonminor7",3944,"[CBJ] noncardiac_PACE_0day_nonminor7",0.28650479686019,NA,7.19861403700603,NA,886,3349,295340,1114584,0,2,-1.25,NA
1,"Death_PLE",378427,"Tear film insufficiency",3943,"[CBJ] noncardiac_noPACE_0day_nonminor7",3944,"[CBJ] noncardiac_PACE_0day_nonminor7",0.567530572054516,0.213215743459097,1.26331426382952,0.212019400228397,886,3349,294186,1108417,6,36,-0.566460659615893,0.453883182434027
1,"Death_PLE",380038,"Viral conjunctivitis",3943,"[CBJ] noncardiac_noPACE_0day_nonminor7",3944,"[CBJ] noncardiac_PACE_0day_nonminor7",NA,NA,NA,NA,886,3349,295340,1115189,0,0,NA,NA
1,"Death_PLE",380706,"Regular astigmatism",3943,"[CBJ] noncardiac_noPACE_0day_nonminor7",3944,"[CBJ] noncardiac_PACE_0day_nonminor7",NA,NA,NA,NA,886,3349,295340,1115189,0,0,NA,NA
1,"Death_PLE",434327,"Cannabis abuse",3943,"[CBJ] noncardiac_noPACE_0day_nonminor7",3944,"[CBJ] noncardiac_PACE_0day_nonminor7",NA,NA,NA,NA,886,3349,295340,1115189,0,0,NA,NA
1,"Death_PLE",437264,"Tobacco dependence syndrome",3943,"[CBJ] noncardiac_noPACE_0day_nonminor7",3944,"[CBJ] noncardiac_PACE_0day_nonminor7",NA,NA,NA,NA,886,3349,295340,1115189,0,0,NA,NA
1,"Death_PLE",438688,"Sarcoidosis",3943,"[CBJ] noncardiac_noPACE_0day_nonminor7",3944,"[CBJ] noncardiac_PACE_0day_nonminor7",0.28650479686019,NA,7.19861403700603,NA,886,3349,295340,1115002,0,2,-1.25,NA
1,"Death_PLE",439790,"Psychalgia",3943,"[CBJ] noncardiac_noPACE_0day_nonminor7",3944,"[CBJ] noncardiac_PACE_0day_nonminor7",NA,NA,NA,NA,886,3349,295340,1115189,0,0,NA,NA
1,"Death_PLE",440193,"Wristdrop",3943,"[CBJ] noncardiac_noPACE_0day_nonminor7",3944,"[CBJ] noncardiac_PACE_0day_nonminor7",NA,NA,NA,NA,886,3349,295340,1115189,0,0,NA,NA
1,"Death_PLE",443172,"Splinter of face, without major open wound",3943,"[CBJ] noncardiac_noPACE_0day_nonminor7",3944,"[CBJ] noncardiac_PACE_0day_nonminor7",NA,NA,NA,NA,886,3349,295340,1115189,0,0,NA,NA
1,"Death_PLE",4030042,"Toxic goiter",3943,"[CBJ] noncardiac_noPACE_0day_nonminor7",3944,"[CBJ] noncardiac_PACE_0day_nonminor7",0.66666666666668,0.0353051806035012,3.90357023571296,0.735540088311937,886,3349,295054,1113354,1,6,-0.405465108108144,1.20043459549467
1,"Death_PLE",4087647,"Rectal mass",3943,"[CBJ] noncardiac_noPACE_0day_nonminor7",3944,"[CBJ] noncardiac_PACE_0day_nonminor7",0.840677684003683,0.38264375586246,1.65089595964617,0.641698344098777,886,3349,292834,1102885,9,42,-0.173546945735029,0.372958131353131
1,"Death_PLE",4115367,"Wrist joint pain",3943,"[CBJ] noncardiac_noPACE_0day_nonminor7",3944,"[CBJ] noncardiac_PACE_0day_nonminor7",NA,NA,NA,NA,886,3349,295340,1115189,0,0,NA,NA
1,"Death_PLE",4169984,"Scar",3943,"[CBJ] noncardiac_noPACE_0day_nonminor7",3944,"[CBJ] noncardiac_PACE_0day_nonminor7",0.66666666666668,0.0353051806035012,3.90357023571296,0.735540088311937,886,3349,295294,1113708,1,6,-0.405465108108144,1.20043459549467
1,"Death_PLE",4213540,"Cervical somatic dysfunction",3943,"[CBJ] noncardiac_noPACE_0day_nonminor7",3944,"[CBJ] noncardiac_PACE_0day_nonminor7",NA,NA,NA,NA,886,3349,295340,1115189,0,0,NA,NA
1,"Death_PLE",4234533,"Tonsillitis",3943,"[CBJ] noncardiac_noPACE_0day_nonminor7",3944,"[CBJ] noncardiac_PACE_0day_nonminor7",2,0.0930027048460901,20.8728603679846,0.615736177392469,886,3349,295290,1114555,1,2,0.693147180559945,1.3810397825492
1,"Death_PLE",4248870,"Visceroptosis",3943,"[CBJ] noncardiac_noPACE_0day_nonminor7",3944,"[CBJ] noncardiac_PACE_0day_nonminor7",0.437375493561221,0.0695452906131716,1.51556887074298,0.292825350969661,886,3349,294678,1109710,2,18,-0.82696319983257,0.786128714655307
1,"Death_PLE",4291005,"Viral hepatitis",3943,"[CBJ] noncardiac_noPACE_0day_nonminor7",3944,"[CBJ] noncardiac_PACE_0day_nonminor7",0.722722432553414,0.346063095720189,1.35917847948258,0.352119540314028,886,3349,293146,1101209,10,54,-0.324730041250461,0.348989734452819
1,"Death_PLE",36713918,"Somatic dysfunction of lumbar region",3943,"[CBJ] noncardiac_noPACE_0day_nonminor7",3944,"[CBJ] noncardiac_PACE_0day_nonminor7",NA,NA,NA,NA,886,3349,295340,1115189,0,0,NA,NA
