"cohortDefinitionId","cohortName","cohortCount","personCount"
3269,"any death",5398,5398
3943,"[CBJ] noncardiac_noPACE_0day_nonminor7",52270,52270
3944,"[CBJ] noncardiac_PACE_0day_nonminor7",892,892
73560,"Calcaneal spur",14,4
81151,"Sprain of ankle",7101,4262
81893,"Ulcerative colitis",21564,825
134461,"Tietze's disease",775,394
140641,"Verruca vulgaris",31136,5870
141932,"Senile hyperkeratosis",4391,2257
196236,"Septic shock",2658,1441
253954,"Pulmonary tuberculosis",31693,3132
254443,"Sjögren's syndrome",9475,437
378427,"Tear film insufficiency",31757,9987
380038,"Viral conjunctivitis",3270,1256
380706,"Regular astigmatism",231,56
438688,"Sarcoidosis",1294,96
4030042,"Toxic goiter",22729,1994
4087647,"Rectal mass",72301,3131
4169984,"Scar",8249,1764
4234533,"Tonsillitis",23129,8978
4248870,"Visceroptosis",6744,1294
4291005,"Viral hepatitis",88772,9112
