"analysisId","analysisDescription","outcomeId","outcomeName","comparatorId","comparatorName","targetId","targetName","rr","ci95lb","ci95ub","p","target","comparator","targetDays","comparatorDays","eventsTarget","eventsComparator","logRr","seLogRr"
1,"5yr_Match on propensity score",3928,"[seol] Procedure for recurrence HNNC_Metformin",3938,"[seol] Operation_HNNC_NonMetformin",3937,"[seol] Operation_HNNC_Metformin",0.837168011688577,0.482561092819474,1.38739694649668,0.509448356497249,51,204,38213,126033,21,88,-0.177730497825671,0.269412358694102
1,"5yr_Match on propensity score",3939,"[seol] Procedure for recurrence HNNC_Statin",3941,"[seol] Operation_HNNC_NonStatin",3940,"[seol] Operation_HNNC_Statin",0.715728743921949,0.466817542496535,1.06395691538502,0.111513636815809,81,324,64712,185924,34,141,-0.334454033074028,0.21015990663288
1,"5yr_Match on propensity score",3942,"[seol] Procedure for recurrence HNNC_Aspirin",3934,"[seol] Operation_HNNC_NonAspirin",3933,"[seol] Operation_HNNC_Aspirin",1.83734562714645,1.09040135669889,3.03613287552994,0.0198801899774337,41,164,21537,101208,26,66,0.608321936138307,0.261239182881939
1,"5yr_Match on propensity score",73560,"Calcaneal spur",3934,"[seol] Operation_HNNC_NonAspirin",3933,"[seol] Operation_HNNC_Aspirin",NA,NA,NA,NA,41,164,43136,146688,0,0,NA,NA
1,"5yr_Match on propensity score",73560,"Calcaneal spur",3938,"[seol] Operation_HNNC_NonMetformin",3937,"[seol] Operation_HNNC_Metformin",NA,NA,NA,NA,51,204,52035,186512,0,0,NA,NA
1,"5yr_Match on propensity score",73560,"Calcaneal spur",3941,"[seol] Operation_HNNC_NonStatin",3940,"[seol] Operation_HNNC_Statin",NA,NA,NA,NA,81,324,92580,280542,0,0,NA,NA
1,"5yr_Match on propensity score",81151,"Sprain of ankle",3934,"[seol] Operation_HNNC_NonAspirin",3933,"[seol] Operation_HNNC_Aspirin",NA,NA,NA,NA,41,164,43136,146688,0,0,NA,NA
1,"5yr_Match on propensity score",81151,"Sprain of ankle",3938,"[seol] Operation_HNNC_NonMetformin",3937,"[seol] Operation_HNNC_Metformin",NA,NA,NA,NA,51,204,52035,186512,0,0,NA,NA
1,"5yr_Match on propensity score",81151,"Sprain of ankle",3941,"[seol] Operation_HNNC_NonStatin",3940,"[seol] Operation_HNNC_Statin",NA,NA,NA,NA,81,324,92580,280542,0,0,NA,NA
1,"5yr_Match on propensity score",81893,"Ulcerative colitis",3934,"[seol] Operation_HNNC_NonAspirin",3933,"[seol] Operation_HNNC_Aspirin",NA,NA,NA,NA,41,164,43136,146688,0,0,NA,NA
1,"5yr_Match on propensity score",81893,"Ulcerative colitis",3938,"[seol] Operation_HNNC_NonMetformin",3937,"[seol] Operation_HNNC_Metformin",NA,NA,NA,NA,51,204,52035,186512,0,0,NA,NA
1,"5yr_Match on propensity score",81893,"Ulcerative colitis",3941,"[seol] Operation_HNNC_NonStatin",3940,"[seol] Operation_HNNC_Statin",NA,NA,NA,NA,81,324,92580,280542,0,0,NA,NA
1,"5yr_Match on propensity score",133141,"Tinea pedis",3934,"[seol] Operation_HNNC_NonAspirin",3933,"[seol] Operation_HNNC_Aspirin",0.263597138115727,NA,19.2748154151161,NA,41,164,43136,146027,0,1,-1.33333333333333,NA
1,"5yr_Match on propensity score",133141,"Tinea pedis",3938,"[seol] Operation_HNNC_NonMetformin",3937,"[seol] Operation_HNNC_Metformin",6.6234753829798,0.631719031701499,142.840078942189,0.171594169745216,51,204,49976,186484,2,1,1.89062021451714,1.38294281729833
1,"5yr_Match on propensity score",133141,"Tinea pedis",3941,"[seol] Operation_HNNC_NonStatin",3940,"[seol] Operation_HNNC_Statin",1.30277563773199,0.0602213078456299,13.7217241685733,0.84853626155829,81,324,91182,280333,1,2,0.264497094315708,1.38490027466209
1,"5yr_Match on propensity score",140641,"Verruca vulgaris",3941,"[seol] Operation_HNNC_NonStatin",3940,"[seol] Operation_HNNC_Statin",NA,NA,NA,NA,81,324,92580,280542,0,0,NA,NA
1,"5yr_Match on propensity score",140641,"Verruca vulgaris",3934,"[seol] Operation_HNNC_NonAspirin",3933,"[seol] Operation_HNNC_Aspirin",NA,NA,NA,NA,41,164,43136,146688,0,0,NA,NA
1,"5yr_Match on propensity score",140641,"Verruca vulgaris",3938,"[seol] Operation_HNNC_NonMetformin",3937,"[seol] Operation_HNNC_Metformin",NA,NA,NA,NA,51,204,52035,186512,0,0,NA,NA
1,"5yr_Match on propensity score",380038,"Viral conjunctivitis",3934,"[seol] Operation_HNNC_NonAspirin",3933,"[seol] Operation_HNNC_Aspirin",NA,NA,NA,NA,41,164,43136,146688,0,0,NA,NA
1,"5yr_Match on propensity score",380038,"Viral conjunctivitis",3938,"[seol] Operation_HNNC_NonMetformin",3937,"[seol] Operation_HNNC_Metformin",NA,NA,NA,NA,51,204,52035,186512,0,0,NA,NA
1,"5yr_Match on propensity score",380038,"Viral conjunctivitis",3941,"[seol] Operation_HNNC_NonStatin",3940,"[seol] Operation_HNNC_Statin",NA,NA,NA,NA,81,324,92580,280542,0,0,NA,NA
1,"5yr_Match on propensity score",432513,"Animal bite wound",3934,"[seol] Operation_HNNC_NonAspirin",3933,"[seol] Operation_HNNC_Aspirin",NA,NA,NA,NA,41,164,43136,146688,0,0,NA,NA
1,"5yr_Match on propensity score",432513,"Animal bite wound",3938,"[seol] Operation_HNNC_NonMetformin",3937,"[seol] Operation_HNNC_Metformin",NA,NA,NA,NA,51,204,52035,186512,0,0,NA,NA
1,"5yr_Match on propensity score",432513,"Animal bite wound",3941,"[seol] Operation_HNNC_NonStatin",3940,"[seol] Operation_HNNC_Statin",NA,NA,NA,NA,81,324,92580,280542,0,0,NA,NA
1,"5yr_Match on propensity score",437264,"Tobacco dependence syndrome",3934,"[seol] Operation_HNNC_NonAspirin",3933,"[seol] Operation_HNNC_Aspirin",NA,NA,NA,NA,41,164,43136,146688,0,0,NA,NA
1,"5yr_Match on propensity score",437264,"Tobacco dependence syndrome",3938,"[seol] Operation_HNNC_NonMetformin",3937,"[seol] Operation_HNNC_Metformin",NA,NA,NA,NA,51,204,52035,186512,0,0,NA,NA
1,"5yr_Match on propensity score",437264,"Tobacco dependence syndrome",3941,"[seol] Operation_HNNC_NonStatin",3940,"[seol] Operation_HNNC_Statin",NA,NA,NA,NA,81,324,92580,280542,0,0,NA,NA
1,"5yr_Match on propensity score",440193,"Wristdrop",3941,"[seol] Operation_HNNC_NonStatin",3940,"[seol] Operation_HNNC_Statin",NA,NA,NA,NA,81,324,92580,280542,0,0,NA,NA
1,"5yr_Match on propensity score",440193,"Wristdrop",3938,"[seol] Operation_HNNC_NonMetformin",3937,"[seol] Operation_HNNC_Metformin",NA,NA,NA,NA,51,204,52035,186512,0,0,NA,NA
1,"5yr_Match on propensity score",440193,"Wristdrop",3934,"[seol] Operation_HNNC_NonAspirin",3933,"[seol] Operation_HNNC_Aspirin",NA,NA,NA,NA,41,164,43136,146688,0,0,NA,NA
1,"5yr_Match on propensity score",444132,"Injury of knee",3934,"[seol] Operation_HNNC_NonAspirin",3933,"[seol] Operation_HNNC_Aspirin",NA,NA,NA,NA,41,164,43136,146688,0,0,NA,NA
1,"5yr_Match on propensity score",444132,"Injury of knee",3938,"[seol] Operation_HNNC_NonMetformin",3937,"[seol] Operation_HNNC_Metformin",NA,NA,NA,NA,51,204,52035,186512,0,0,NA,NA
1,"5yr_Match on propensity score",444132,"Injury of knee",3941,"[seol] Operation_HNNC_NonStatin",3940,"[seol] Operation_HNNC_Statin",NA,NA,NA,NA,81,324,92580,280542,0,0,NA,NA
1,"5yr_Match on propensity score",4115367,"Wrist joint pain",3934,"[seol] Operation_HNNC_NonAspirin",3933,"[seol] Operation_HNNC_Aspirin",NA,NA,NA,NA,41,164,43136,146688,0,0,NA,NA
1,"5yr_Match on propensity score",4115367,"Wrist joint pain",3938,"[seol] Operation_HNNC_NonMetformin",3937,"[seol] Operation_HNNC_Metformin",NA,NA,NA,NA,51,204,52035,186512,0,0,NA,NA
1,"5yr_Match on propensity score",4115367,"Wrist joint pain",3941,"[seol] Operation_HNNC_NonStatin",3940,"[seol] Operation_HNNC_Statin",NA,NA,NA,NA,81,324,92580,280542,0,0,NA,NA
1,"5yr_Match on propensity score",4202045,"Postviral fatigue syndrome",3934,"[seol] Operation_HNNC_NonAspirin",3933,"[seol] Operation_HNNC_Aspirin",NA,NA,NA,NA,41,164,43136,146688,0,0,NA,NA
1,"5yr_Match on propensity score",4202045,"Postviral fatigue syndrome",3938,"[seol] Operation_HNNC_NonMetformin",3937,"[seol] Operation_HNNC_Metformin",NA,NA,NA,NA,51,204,52035,186512,0,0,NA,NA
1,"5yr_Match on propensity score",4202045,"Postviral fatigue syndrome",3941,"[seol] Operation_HNNC_NonStatin",3940,"[seol] Operation_HNNC_Statin",NA,NA,NA,NA,81,324,92580,280542,0,0,NA,NA
1,"5yr_Match on propensity score",4207190,"Fungal infection by site",3938,"[seol] Operation_HNNC_NonMetformin",3937,"[seol] Operation_HNNC_Metformin",0.902909121689757,0.198650844040751,3.02121361486214,0.883062052407243,51,204,49454,177835,3,10,-0.102133371061903,0.694366115705549
1,"5yr_Match on propensity score",4207190,"Fungal infection by site",3941,"[seol] Operation_HNNC_NonStatin",3940,"[seol] Operation_HNNC_Statin",0.931692397707408,0.33435911647882,2.24141268462495,0.884104516011023,81,324,87758,267722,6,21,-0.0707525641518259,0.485377795063868
1,"5yr_Match on propensity score",4207190,"Fungal infection by site",3934,"[seol] Operation_HNNC_NonAspirin",3933,"[seol] Operation_HNNC_Aspirin",0.950785571110702,0.212026408846625,3.1338961869191,0.941447604560853,41,164,41676,142466,3,12,-0.0504667191363826,0.687084426520167
1,"5yr_Match on propensity score",4248870,"Visceroptosis",3934,"[seol] Operation_HNNC_NonAspirin",3933,"[seol] Operation_HNNC_Aspirin",NA,NA,NA,NA,41,164,43136,146688,0,0,NA,NA
1,"5yr_Match on propensity score",4248870,"Visceroptosis",3938,"[seol] Operation_HNNC_NonMetformin",3937,"[seol] Operation_HNNC_Metformin",NA,NA,NA,NA,51,204,52035,186512,0,0,NA,NA
1,"5yr_Match on propensity score",4248870,"Visceroptosis",3941,"[seol] Operation_HNNC_NonStatin",3940,"[seol] Operation_HNNC_Statin",NA,NA,NA,NA,81,324,92580,280542,0,0,NA,NA
1,"5yr_Match on propensity score",4291005,"Viral hepatitis",3934,"[seol] Operation_HNNC_NonAspirin",3933,"[seol] Operation_HNNC_Aspirin",2.91423215087813,0.345596753119428,24.5608186101148,0.325419702408335,41,164,42787,146035,2,2,1.06960637202531,1.08768199425873
1,"5yr_Match on propensity score",4291005,"Viral hepatitis",3938,"[seol] Operation_HNNC_NonMetformin",3937,"[seol] Operation_HNNC_Metformin",2.81287648325468,0.694252985409593,10.6616755193106,0.137773678081144,51,204,50212,182305,4,5,1.03420761928477,0.696843018217464
1,"5yr_Match on propensity score",4291005,"Viral hepatitis",3941,"[seol] Operation_HNNC_NonStatin",3940,"[seol] Operation_HNNC_Statin",2.44228613306807,0.623067442540668,8.57169803461369,0.181820423550916,81,324,90409,277791,4,6,0.892934540433004,0.668779217959411
1,"5yr_Match on propensity score",46286594,"Problem related to lifestyle",3934,"[seol] Operation_HNNC_NonAspirin",3933,"[seol] Operation_HNNC_Aspirin",NA,NA,NA,NA,41,164,43136,146688,0,0,NA,NA
1,"5yr_Match on propensity score",46286594,"Problem related to lifestyle",3938,"[seol] Operation_HNNC_NonMetformin",3937,"[seol] Operation_HNNC_Metformin",NA,NA,NA,NA,51,204,52035,186512,0,0,NA,NA
1,"5yr_Match on propensity score",46286594,"Problem related to lifestyle",3941,"[seol] Operation_HNNC_NonStatin",3940,"[seol] Operation_HNNC_Statin",NA,NA,NA,NA,81,324,92580,280542,0,0,NA,NA
