"cohortDefinitionId","cohortName","cohortCount","personCount"
3928,"[seol] Procedure for recurrence HNNC_Metformin",3983,949
3933,"[seol] Operation_HNNC_Aspirin",52,52
3934,"[seol] Operation_HNNC_NonAspirin",1349,1349
3937,"[seol] Operation_HNNC_Metformin",57,57
3938,"[seol] Operation_HNNC_NonMetformin",1342,1342
3939,"[seol] Procedure for recurrence HNNC_Statin",4002,950
3940,"[seol] Operation_HNNC_Statin",90,90
3941,"[seol] Operation_HNNC_NonStatin",1311,1311
3942,"[seol] Procedure for recurrence HNNC_Aspirin",3924,942
73560,"Calcaneal spur",4,3
81893,"Ulcerative colitis",15742,762
133141,"Tinea pedis",8682,1933
140641,"Verruca vulgaris",12056,2811
380038,"Viral conjunctivitis",867,359
432513,"Animal bite wound",198,168
444132,"Injury of knee",6513,2167
4202045,"Postviral fatigue syndrome",176,40
4207190,"Fungal infection by site",36058,7579
4248870,"Visceroptosis",4950,789
4291005,"Viral hepatitis",195500,12090
46286594,"Problem related to lifestyle",1,1
