"database_id","exposure_id","target_id","comparator_id","outcome_id","analysis_id","sequence_number","description","subjects"
"cdmpv532_210806",3944,3944,3943,3269,1,1,"Original cohorts",199
"cdmpv532_210806",3944,3944,3943,3269,1,2,"First exp. only & first cohort only & 180 days of obs. prior",199
"cdmpv532_210806",3944,3944,3943,3269,1,3,"Have at least 1 days at risk",199
"cdmpv532_210806",3944,3944,3943,3269,1,4,"Matched on propensity score",188
"cdmpv532_210806",3943,3944,3943,3269,1,1,"Original cohorts",1535
"cdmpv532_210806",3943,3944,3943,3269,1,2,"First exp. only & first cohort only & 180 days of obs. prior",1535
"cdmpv532_210806",3943,3944,3943,3269,1,3,"Have at least 1 days at risk",1535
"cdmpv532_210806",3943,3944,3943,3269,1,4,"Matched on propensity score",555
