"covariate_id","covariate_name","covariate_analysis_id","analysis_id","database_id"
2003,"age group: 10-14",3,1,"cdmpv532_210806"
16003,"age group: 80-84",3,1,"cdmpv532_210806"
13003,"age group: 65-69",3,1,"cdmpv532_210806"
17003,"age group: 85-89",3,1,"cdmpv532_210806"
1003,"age group: 05-09",3,1,"cdmpv532_210806"
15003,"age group: 75-79",3,1,"cdmpv532_210806"
19003,"age group: 95-99",3,1,"cdmpv532_210806"
3,"age group: 00-04",3,1,"cdmpv532_210806"
6003,"age group: 30-34",3,1,"cdmpv532_210806"
4003,"age group: 20-24",3,1,"cdmpv532_210806"
10003,"age group: 50-54",3,1,"cdmpv532_210806"
5003,"age group: 25-29",3,1,"cdmpv532_210806"
9003,"age group: 45-49",3,1,"cdmpv532_210806"
20003,"age group: 00-04",3,1,"cdmpv532_210806"
14003,"age group: 70-74",3,1,"cdmpv532_210806"
18003,"age group: 90-94",3,1,"cdmpv532_210806"
8003,"age group: 40-44",3,1,"cdmpv532_210806"
7003,"age group: 35-39",3,1,"cdmpv532_210806"
11003,"age group: 55-59",3,1,"cdmpv532_210806"
12003,"age group: 60-64",3,1,"cdmpv532_210806"
3003,"age group: 15-19",3,1,"cdmpv532_210806"
1901,"Charlson index - Romano adaptation",901,1,"cdmpv532_210806"
8507001,"gender = MALE",1,1,"cdmpv532_210806"
8532001,"gender = FEMALE",1,1,"cdmpv532_210806"
4074035802,"observation during day -365 through 0 days relative to index: Current drinker",802,1,"cdmpv532_210806"
198177210,"condition_era group during day -365 through 0 days relative to index: Abdominal aortic aneurysm",210,1,"cdmpv532_210806"
198185210,"condition_era group during day -365 through 0 days relative to index: Chronic renal failure",210,1,"cdmpv532_210806"
314054210,"condition_era group during day -365 through 0 days relative to index: Aortic valve disorder",210,1,"cdmpv532_210806"
314378210,"condition_era group during day -365 through 0 days relative to index: Hypertensive heart disease with congestive heart failure",210,1,"cdmpv532_210806"
315273210,"condition_era group during day -365 through 0 days relative to index: Mitral valve stenosis",210,1,"cdmpv532_210806"
315564210,"condition_era group during day -365 through 0 days relative to index: Aortic valve regurgitation",210,1,"cdmpv532_210806"
316139210,"condition_era group during day -365 through 0 days relative to index: Heart failure",210,1,"cdmpv532_210806"
316993210,"condition_era group during day -365 through 0 days relative to index: Tricuspid valve disorder",210,1,"cdmpv532_210806"
317585210,"condition_era group during day -365 through 0 days relative to index: Aortic aneurysm",210,1,"cdmpv532_210806"
319034210,"condition_era group during day -365 through 0 days relative to index: Hypertensive heart disease without congestive heart failure",210,1,"cdmpv532_210806"
319835210,"condition_era group during day -365 through 0 days relative to index: Congestive heart failure",210,1,"cdmpv532_210806"
319843210,"condition_era group during day -365 through 0 days relative to index: Mitral valve disorder",210,1,"cdmpv532_210806"
320739210,"condition_era group during day -365 through 0 days relative to index: Dissection of aorta",210,1,"cdmpv532_210806"
321052210,"condition_era group during day -365 through 0 days relative to index: Peripheral vascular disease",210,1,"cdmpv532_210806"
373503210,"condition_era group during day -365 through 0 days relative to index: Transient cerebral ischemia",210,1,"cdmpv532_210806"
439846210,"condition_era group during day -365 through 0 days relative to index: Left heart failure",210,1,"cdmpv532_210806"
443580210,"condition_era group during day -365 through 0 days relative to index: Systolic heart failure",210,1,"cdmpv532_210806"
443587210,"condition_era group during day -365 through 0 days relative to index: Diastolic heart failure",210,1,"cdmpv532_210806"
443597210,"condition_era group during day -365 through 0 days relative to index: Chronic kidney disease stage 3",210,1,"cdmpv532_210806"
443611210,"condition_era group during day -365 through 0 days relative to index: Chronic kidney disease stage 5",210,1,"cdmpv532_210806"
443612210,"condition_era group during day -365 through 0 days relative to index: Chronic kidney disease stage 4",210,1,"cdmpv532_210806"
443614210,"condition_era group during day -365 through 0 days relative to index: Chronic kidney disease stage 1",210,1,"cdmpv532_210806"
443962210,"condition_era group during day -365 through 0 days relative to index: Mitral valve regurgitation",210,1,"cdmpv532_210806"
4006971210,"condition_era group during day -365 through 0 days relative to index: Tricuspid valve regurgitation",210,1,"cdmpv532_210806"
4008576210,"condition_era group during day -365 through 0 days relative to index: Diabetes mellitus without complication",210,1,"cdmpv532_210806"
4189343210,"condition_era group during day -365 through 0 days relative to index: Aortic valve stenosis",210,1,"cdmpv532_210806"
4193704210,"condition_era group during day -365 through 0 days relative to index: Type 2 diabetes mellitus without complication",210,1,"cdmpv532_210806"
4209011210,"condition_era group during day -365 through 0 days relative to index: Pulmonic valve stenosis",210,1,"cdmpv532_210806"
42537730210,"condition_era group during day -365 through 0 days relative to index: Coronary artery graft present",210,1,"cdmpv532_210806"
42538119210,"condition_era group during day -365 through 0 days relative to index: Transplanted heart valve present",210,1,"cdmpv532_210806"
46271022210,"condition_era group during day -365 through 0 days relative to index: Chronic kidney disease",210,1,"cdmpv532_210806"
