"database_id","exposure_id","target_id","comparator_id","outcome_id","analysis_id","sequence_number","description","subjects"
"cdmpv532_220228",3913,3913,3912,3269,1,1,"Original cohorts",2600
"cdmpv532_220228",3913,3913,3912,3269,1,2,"First exp. only & 180 days of obs. prior",2600
"cdmpv532_220228",3913,3913,3912,3269,1,3,"Matched on propensity score",2581
"cdmpv532_220228",3912,3913,3912,3269,1,1,"Original cohorts",68028
"cdmpv532_220228",3912,3913,3912,3269,1,2,"First exp. only & 180 days of obs. prior",68028
"cdmpv532_220228",3912,3913,3912,3269,1,3,"Matched on propensity score",9073
