"database_id","exposure_id","target_id","comparator_id","outcome_id","analysis_id","sequence_number","description","subjects"
"cdmpv532",3913,3913,3912,3269,1,1,"Original cohorts",1839
"cdmpv532",3913,3913,3912,3269,1,2,"First exp. only & 180 days of obs. prior",1839
"cdmpv532",3913,3913,3912,3269,1,3,"Matched on propensity score",1826
"cdmpv532",3912,3913,3912,3269,1,1,"Original cohorts",90007
"cdmpv532",3912,3913,3912,3269,1,2,"First exp. only & 180 days of obs. prior",90007
"cdmpv532",3912,3913,3912,3269,1,3,"Matched on propensity score",6253
