"analysisId","analysisDescription","outcomeId","outcomeName","comparatorId","comparatorName","targetId","targetName","rr","ci95lb","ci95ub","p","target","comparator","targetDays","comparatorDays","eventsTarget","eventsComparator","logRr","seLogRr"
1,"5yr_Match on propensity score",3928,"[seol] Procedure for recurrence HNNC_Metformin",3938,"[seol] Operation_HNNC_NonMetformin",3937,"[seol] Operation_HNNC_Metformin",1.06074602737826,0.579113762708829,1.85986376079124,0.842944882186596,40,155,28619,93381,19,65,0.0589724599867674,0.297648218718794
1,"5yr_Match on propensity score",3939,"[seol] Procedure for recurrence HNNC_Statin",3941,"[seol] Operation_HNNC_NonStatin",3940,"[seol] Operation_HNNC_Statin",1.49314325532677,1.01520296640406,2.16853844872075,0.0384058449452851,72,288,55014,184078,45,117,0.400883465278044,0.19361704125172
1,"5yr_Match on propensity score",3942,"[seol] Procedure for recurrence HNNC_Aspirin",3934,"[seol] Operation_HNNC_NonAspirin",3933,"[seol] Operation_HNNC_Aspirin",1.1111184058842,0.670432552440177,1.78595202577701,0.673350893940885,50,200,35951,123235,28,87,0.105367080932051,0.249949438562512
1,"5yr_Match on propensity score",73560,"Calcaneal spur",3934,"[seol] Operation_HNNC_NonAspirin",3933,"[seol] Operation_HNNC_Aspirin",NA,NA,NA,NA,50,200,59126,184128,0,0,NA,NA
1,"5yr_Match on propensity score",73560,"Calcaneal spur",3938,"[seol] Operation_HNNC_NonMetformin",3937,"[seol] Operation_HNNC_Metformin",NA,NA,NA,NA,40,155,42135,137322,0,0,NA,NA
1,"5yr_Match on propensity score",73560,"Calcaneal spur",3941,"[seol] Operation_HNNC_NonStatin",3940,"[seol] Operation_HNNC_Statin",NA,NA,NA,NA,72,288,89677,272932,0,0,NA,NA
1,"5yr_Match on propensity score",81151,"Sprain of ankle",3934,"[seol] Operation_HNNC_NonAspirin",3933,"[seol] Operation_HNNC_Aspirin",NA,NA,NA,NA,50,200,59126,184128,0,0,NA,NA
1,"5yr_Match on propensity score",81151,"Sprain of ankle",3938,"[seol] Operation_HNNC_NonMetformin",3937,"[seol] Operation_HNNC_Metformin",NA,NA,NA,NA,40,155,42135,137322,0,0,NA,NA
1,"5yr_Match on propensity score",81151,"Sprain of ankle",3941,"[seol] Operation_HNNC_NonStatin",3940,"[seol] Operation_HNNC_Statin",NA,NA,NA,NA,72,288,89677,272932,0,0,NA,NA
1,"5yr_Match on propensity score",81893,"Ulcerative colitis",3934,"[seol] Operation_HNNC_NonAspirin",3933,"[seol] Operation_HNNC_Aspirin",NA,NA,NA,NA,50,200,59126,184128,0,0,NA,NA
1,"5yr_Match on propensity score",81893,"Ulcerative colitis",3938,"[seol] Operation_HNNC_NonMetformin",3937,"[seol] Operation_HNNC_Metformin",NA,NA,NA,NA,40,155,42135,137322,0,0,NA,NA
1,"5yr_Match on propensity score",81893,"Ulcerative colitis",3941,"[seol] Operation_HNNC_NonStatin",3940,"[seol] Operation_HNNC_Statin",NA,NA,NA,NA,72,288,89677,272932,0,0,NA,NA
1,"5yr_Match on propensity score",133141,"Tinea pedis",3934,"[seol] Operation_HNNC_NonAspirin",3933,"[seol] Operation_HNNC_Aspirin",3.46410161513775,0.136458230037247,87.9389978656801,0.451483606782651,50,200,57928,183562,1,1,1.242453324894,1.65012728225868
1,"5yr_Match on propensity score",133141,"Tinea pedis",3938,"[seol] Operation_HNNC_NonMetformin",3937,"[seol] Operation_HNNC_Metformin",NA,NA,NA,NA,40,155,41569,137322,1,0,NA,NA
1,"5yr_Match on propensity score",133141,"Tinea pedis",3941,"[seol] Operation_HNNC_NonStatin",3940,"[seol] Operation_HNNC_Statin",6.47213595499958,0.603737092837696,141.165432282386,0.179567163401448,72,288,87913,271756,2,1,1.86750618617949,1.39149213373678
1,"5yr_Match on propensity score",140641,"Verruca vulgaris",3941,"[seol] Operation_HNNC_NonStatin",3940,"[seol] Operation_HNNC_Statin",1.18614066163451,0.0509647592624627,13.7609661528477,0.904860095769898,72,288,89099,270716,1,3,0.170704895258342,1.42820403047075
1,"5yr_Match on propensity score",140641,"Verruca vulgaris",3934,"[seol] Operation_HNNC_NonAspirin",3933,"[seol] Operation_HNNC_Aspirin",NA,NA,NA,NA,50,200,58548,182777,1,1,NA,NA
1,"5yr_Match on propensity score",140641,"Verruca vulgaris",3938,"[seol] Operation_HNNC_NonMetformin",3937,"[seol] Operation_HNNC_Metformin",NA,NA,NA,NA,40,155,42135,137322,0,0,NA,NA
1,"5yr_Match on propensity score",380038,"Viral conjunctivitis",3934,"[seol] Operation_HNNC_NonAspirin",3933,"[seol] Operation_HNNC_Aspirin",NA,NA,NA,NA,50,200,59126,184128,0,0,NA,NA
1,"5yr_Match on propensity score",380038,"Viral conjunctivitis",3938,"[seol] Operation_HNNC_NonMetformin",3937,"[seol] Operation_HNNC_Metformin",NA,NA,NA,NA,40,155,42135,137322,0,0,NA,NA
1,"5yr_Match on propensity score",380038,"Viral conjunctivitis",3941,"[seol] Operation_HNNC_NonStatin",3940,"[seol] Operation_HNNC_Statin",NA,NA,NA,NA,72,288,89677,272932,0,0,NA,NA
1,"5yr_Match on propensity score",432513,"Animal bite wound",3934,"[seol] Operation_HNNC_NonAspirin",3933,"[seol] Operation_HNNC_Aspirin",NA,NA,NA,NA,50,200,59126,184128,0,0,NA,NA
1,"5yr_Match on propensity score",432513,"Animal bite wound",3938,"[seol] Operation_HNNC_NonMetformin",3937,"[seol] Operation_HNNC_Metformin",NA,NA,NA,NA,40,155,42135,137322,0,0,NA,NA
1,"5yr_Match on propensity score",432513,"Animal bite wound",3941,"[seol] Operation_HNNC_NonStatin",3940,"[seol] Operation_HNNC_Statin",NA,NA,NA,NA,72,288,89677,272932,0,0,NA,NA
1,"5yr_Match on propensity score",437264,"Tobacco dependence syndrome",3934,"[seol] Operation_HNNC_NonAspirin",3933,"[seol] Operation_HNNC_Aspirin",NA,NA,NA,NA,50,200,59126,184128,0,0,NA,NA
1,"5yr_Match on propensity score",437264,"Tobacco dependence syndrome",3938,"[seol] Operation_HNNC_NonMetformin",3937,"[seol] Operation_HNNC_Metformin",NA,NA,NA,NA,40,155,42135,137322,0,0,NA,NA
1,"5yr_Match on propensity score",437264,"Tobacco dependence syndrome",3941,"[seol] Operation_HNNC_NonStatin",3940,"[seol] Operation_HNNC_Statin",NA,NA,NA,NA,72,288,89677,272932,0,0,NA,NA
1,"5yr_Match on propensity score",440193,"Wristdrop",3941,"[seol] Operation_HNNC_NonStatin",3940,"[seol] Operation_HNNC_Statin",NA,NA,NA,NA,72,288,89677,272932,0,0,NA,NA
1,"5yr_Match on propensity score",440193,"Wristdrop",3938,"[seol] Operation_HNNC_NonMetformin",3937,"[seol] Operation_HNNC_Metformin",NA,NA,NA,NA,40,155,42135,137322,0,0,NA,NA
1,"5yr_Match on propensity score",440193,"Wristdrop",3934,"[seol] Operation_HNNC_NonAspirin",3933,"[seol] Operation_HNNC_Aspirin",NA,NA,NA,NA,50,200,59126,184128,0,0,NA,NA
1,"5yr_Match on propensity score",444132,"Injury of knee",3934,"[seol] Operation_HNNC_NonAspirin",3933,"[seol] Operation_HNNC_Aspirin",NA,NA,NA,NA,50,200,59126,184128,0,0,NA,NA
1,"5yr_Match on propensity score",444132,"Injury of knee",3938,"[seol] Operation_HNNC_NonMetformin",3937,"[seol] Operation_HNNC_Metformin",NA,NA,NA,NA,40,155,42135,137322,0,0,NA,NA
1,"5yr_Match on propensity score",444132,"Injury of knee",3941,"[seol] Operation_HNNC_NonStatin",3940,"[seol] Operation_HNNC_Statin",NA,NA,NA,NA,72,288,88534,272932,1,0,NA,NA
1,"5yr_Match on propensity score",4115367,"Wrist joint pain",3934,"[seol] Operation_HNNC_NonAspirin",3933,"[seol] Operation_HNNC_Aspirin",NA,NA,NA,NA,50,200,59126,184128,0,0,NA,NA
1,"5yr_Match on propensity score",4115367,"Wrist joint pain",3938,"[seol] Operation_HNNC_NonMetformin",3937,"[seol] Operation_HNNC_Metformin",NA,NA,NA,NA,40,155,42135,137322,0,0,NA,NA
1,"5yr_Match on propensity score",4115367,"Wrist joint pain",3941,"[seol] Operation_HNNC_NonStatin",3940,"[seol] Operation_HNNC_Statin",NA,NA,NA,NA,72,288,89677,272932,0,0,NA,NA
1,"5yr_Match on propensity score",4202045,"Postviral fatigue syndrome",3934,"[seol] Operation_HNNC_NonAspirin",3933,"[seol] Operation_HNNC_Aspirin",NA,NA,NA,NA,50,200,59126,184128,0,0,NA,NA
1,"5yr_Match on propensity score",4202045,"Postviral fatigue syndrome",3938,"[seol] Operation_HNNC_NonMetformin",3937,"[seol] Operation_HNNC_Metformin",NA,NA,NA,NA,40,155,42135,137322,0,0,NA,NA
1,"5yr_Match on propensity score",4202045,"Postviral fatigue syndrome",3941,"[seol] Operation_HNNC_NonStatin",3940,"[seol] Operation_HNNC_Statin",NA,NA,NA,NA,72,288,89677,272932,0,0,NA,NA
1,"5yr_Match on propensity score",4207190,"Fungal infection by site",3938,"[seol] Operation_HNNC_NonMetformin",3937,"[seol] Operation_HNNC_Metformin",16924382091479988,5.00853588224531,NA,NA,40,155,35205,135434,5,2,37.3675317044151,NA
1,"5yr_Match on propensity score",4207190,"Fungal infection by site",3941,"[seol] Operation_HNNC_NonStatin",3940,"[seol] Operation_HNNC_Statin",7.0142944089259,1.83590665585098,33.4071146028232,0.00849023227467183,72,288,82700,270026,6,3,1.94795012530613,0.740123405934457
1,"5yr_Match on propensity score",4207190,"Fungal infection by site",3934,"[seol] Operation_HNNC_NonAspirin",3933,"[seol] Operation_HNNC_Aspirin",2.87760303736609,0.566034097610208,13.0741372327713,0.186968495622357,50,200,56041,177065,3,7,1.05695766891933,0.800968029510814
1,"5yr_Match on propensity score",4248870,"Visceroptosis",3934,"[seol] Operation_HNNC_NonAspirin",3933,"[seol] Operation_HNNC_Aspirin",NA,NA,NA,NA,50,200,59126,184128,0,0,NA,NA
1,"5yr_Match on propensity score",4248870,"Visceroptosis",3938,"[seol] Operation_HNNC_NonMetformin",3937,"[seol] Operation_HNNC_Metformin",NA,NA,NA,NA,40,155,42135,137322,0,0,NA,NA
1,"5yr_Match on propensity score",4248870,"Visceroptosis",3941,"[seol] Operation_HNNC_NonStatin",3940,"[seol] Operation_HNNC_Statin",NA,NA,NA,NA,72,288,89677,272932,0,0,NA,NA
1,"5yr_Match on propensity score",4291005,"Viral hepatitis",3934,"[seol] Operation_HNNC_NonAspirin",3933,"[seol] Operation_HNNC_Aspirin",2,0.0930027048460901,20.8728603679846,0.615736177392469,50,200,57505,182393,1,2,0.693147180559945,1.3810397825492
1,"5yr_Match on propensity score",4291005,"Viral hepatitis",3938,"[seol] Operation_HNNC_NonMetformin",3937,"[seol] Operation_HNNC_Metformin",0.28650479686019,NA,25.2598765010408,NA,40,155,42135,135404,0,2,-1.25,NA
1,"5yr_Match on propensity score",4291005,"Viral hepatitis",3941,"[seol] Operation_HNNC_NonStatin",3940,"[seol] Operation_HNNC_Statin",0.25285500580601,NA,3.02565291153714,NA,72,288,89677,269358,0,3,-1.37493905411994,NA
1,"5yr_Match on propensity score",46286594,"Problem related to lifestyle",3934,"[seol] Operation_HNNC_NonAspirin",3933,"[seol] Operation_HNNC_Aspirin",NA,NA,NA,NA,50,200,59126,184128,0,0,NA,NA
1,"5yr_Match on propensity score",46286594,"Problem related to lifestyle",3938,"[seol] Operation_HNNC_NonMetformin",3937,"[seol] Operation_HNNC_Metformin",NA,NA,NA,NA,40,155,42135,137322,0,0,NA,NA
1,"5yr_Match on propensity score",46286594,"Problem related to lifestyle",3941,"[seol] Operation_HNNC_NonStatin",3940,"[seol] Operation_HNNC_Statin",NA,NA,NA,NA,72,288,89677,272932,0,0,NA,NA
