"cohortDefinitionId","cohortName","cohortCount","personCount"
3928,"[seol] Procedure for recurrence HNNC_Metformin",2190,612
3933,"[seol] Operation_HNNC_Aspirin",55,55
3934,"[seol] Operation_HNNC_NonAspirin",986,986
3937,"[seol] Operation_HNNC_Metformin",41,41
3938,"[seol] Operation_HNNC_NonMetformin",1028,1028
3939,"[seol] Procedure for recurrence HNNC_Statin",2111,598
3940,"[seol] Operation_HNNC_Statin",78,78
3941,"[seol] Operation_HNNC_NonStatin",947,947
3942,"[seol] Procedure for recurrence HNNC_Aspirin",2123,602
73560,"Calcaneal spur",3,3
81893,"Ulcerative colitis",3132,221
133141,"Tinea pedis",20080,5818
140641,"Verruca vulgaris",25727,5670
380038,"Viral conjunctivitis",1514,764
432513,"Animal bite wound",1140,691
444132,"Injury of knee",21156,7123
4202045,"Postviral fatigue syndrome",12,4
4207190,"Fungal infection by site",60060,12355
4248870,"Visceroptosis",6006,1136
4291005,"Viral hepatitis",85926,10694
46286594,"Problem related to lifestyle",22,3
