"analysisId","analysisDescription","outcomeId","outcomeName","comparatorId","comparatorName","targetId","targetName","rr","ci95lb","ci95ub","p","target","comparator","targetDays","comparatorDays","eventsTarget","eventsComparator","logRr","seLogRr"
1,"Death_PLE",3269,"any death",3912,"[CBJ] noncardiac_noPACE_0day",3913,"[CBJ] noncardiac_PACE_0day",1.16688128210131,0.87799187232235,1.53520086204177,0.278949246128264,1505,5633,415821,1477975,75,218,0.154334618996253,0.1425483259035
1,"Death_PLE",72748,"Strain of rotator cuff capsule",3912,"[CBJ] noncardiac_noPACE_0day",3913,"[CBJ] noncardiac_PACE_0day",NA,NA,NA,NA,1505,5633,415821,1477975,0,0,NA,NA
1,"Death_PLE",73560,"Calcaneal spur",3912,"[CBJ] noncardiac_noPACE_0day",3913,"[CBJ] noncardiac_PACE_0day",NA,NA,NA,NA,1505,5633,415821,1477975,0,0,NA,NA
1,"Death_PLE",81151,"Sprain of ankle",3912,"[CBJ] noncardiac_noPACE_0day",3913,"[CBJ] noncardiac_PACE_0day",NA,NA,NA,NA,1505,5633,415821,1477975,0,0,NA,NA
1,"Death_PLE",81634,"Ptotic breast",3912,"[CBJ] noncardiac_noPACE_0day",3913,"[CBJ] noncardiac_PACE_0day",NA,NA,NA,NA,1505,5633,415821,1477975,0,0,NA,NA
1,"Death_PLE",81893,"Ulcerative colitis",3912,"[CBJ] noncardiac_noPACE_0day",3913,"[CBJ] noncardiac_PACE_0day",0.940338955232288,0.0480311321341297,6.37501219911718,0.960657216586266,1505,5633,415569,1476766,1,4,-0.0615148780426325,1.24703615356596
1,"Death_PLE",134461,"Tietze's disease",3912,"[CBJ] noncardiac_noPACE_0day",3913,"[CBJ] noncardiac_PACE_0day",NA,NA,NA,NA,1505,5633,415821,1477975,0,0,NA,NA
1,"Death_PLE",140641,"Verruca vulgaris",3912,"[CBJ] noncardiac_noPACE_0day",3913,"[CBJ] noncardiac_PACE_0day",0.661462328866618,0.15267082678324,2.01684397064228,0.530195872493375,1505,5633,415086,1473808,3,15,-0.413302245096169,0.65843175013184
1,"Death_PLE",141932,"Senile hyperkeratosis",3912,"[CBJ] noncardiac_noPACE_0day",3913,"[CBJ] noncardiac_PACE_0day",1.31489970469044,0.616256867257879,2.62243250104485,0.458689478104323,1505,5633,413712,1471709,11,30,0.273760392523625,0.369443965308496
1,"Death_PLE",194083,"Vaginitis and vulvovaginitis",3912,"[CBJ] noncardiac_noPACE_0day",3913,"[CBJ] noncardiac_PACE_0day",NA,NA,NA,NA,1505,5633,415821,1477975,0,0,NA,NA
1,"Death_PLE",196236,"Septic shock",3912,"[CBJ] noncardiac_noPACE_0day",3913,"[CBJ] noncardiac_PACE_0day",2.62128601420963,1.32874795093331,5.08567352735407,0.00488641896879871,1505,5633,413354,1474881,17,24,0.963665042466125,0.342401793222077
1,"Death_PLE",253954,"Pulmonary tuberculosis",3912,"[CBJ] noncardiac_noPACE_0day",3913,"[CBJ] noncardiac_PACE_0day",0.869668607902667,0.319924860576785,2.01581680597018,0.766174239305853,1505,5633,414781,1471036,6,25,-0.139643050355028,0.469573321755688
1,"Death_PLE",254443,"Sjögren's syndrome",3912,"[CBJ] noncardiac_noPACE_0day",3913,"[CBJ] noncardiac_PACE_0day",0.371062530545697,0.0201105978899945,1.98058283065492,0.397175885298204,1505,5633,415579,1475766,1,10,-0.991384684631699,1.17091424668329
1,"Death_PLE",378427,"Tear film insufficiency",3912,"[CBJ] noncardiac_noPACE_0day",3913,"[CBJ] noncardiac_PACE_0day",1.31805216002916,0.727588203747494,2.30013530795738,0.34695957315057,1505,5633,412184,1469690,18,42,0.276155010433176,0.293624782100944
1,"Death_PLE",380038,"Viral conjunctivitis",3912,"[CBJ] noncardiac_noPACE_0day",3913,"[CBJ] noncardiac_PACE_0day",1.42333601390033,0.0653422022827647,15.1600581893784,0.79945789848585,1505,5633,415623,1477872,1,2,0.353003421872992,1.38951058027768
1,"Death_PLE",380706,"Regular astigmatism",3912,"[CBJ] noncardiac_noPACE_0day",3913,"[CBJ] noncardiac_PACE_0day",NA,NA,NA,NA,1505,5633,415821,1477975,0,0,NA,NA
1,"Death_PLE",434327,"Cannabis abuse",3912,"[CBJ] noncardiac_noPACE_0day",3913,"[CBJ] noncardiac_PACE_0day",NA,NA,NA,NA,1505,5633,415821,1477975,0,0,NA,NA
1,"Death_PLE",437264,"Tobacco dependence syndrome",3912,"[CBJ] noncardiac_noPACE_0day",3913,"[CBJ] noncardiac_PACE_0day",NA,NA,NA,NA,1505,5633,415821,1477975,0,0,NA,NA
1,"Death_PLE",438688,"Sarcoidosis",3912,"[CBJ] noncardiac_noPACE_0day",3913,"[CBJ] noncardiac_PACE_0day",0.28650479686019,NA,7.19861403700603,NA,1505,5633,415821,1477346,0,2,-1.25,NA
1,"Death_PLE",439790,"Psychalgia",3912,"[CBJ] noncardiac_noPACE_0day",3913,"[CBJ] noncardiac_PACE_0day",NA,NA,NA,NA,1505,5633,415821,1477975,0,0,NA,NA
1,"Death_PLE",440193,"Wristdrop",3912,"[CBJ] noncardiac_noPACE_0day",3913,"[CBJ] noncardiac_PACE_0day",NA,NA,NA,NA,1505,5633,415821,1477975,0,0,NA,NA
1,"Death_PLE",443172,"Splinter of face, without major open wound",3912,"[CBJ] noncardiac_noPACE_0day",3913,"[CBJ] noncardiac_PACE_0day",NA,NA,NA,NA,1505,5633,415821,1477975,0,0,NA,NA
1,"Death_PLE",4030042,"Toxic goiter",3912,"[CBJ] noncardiac_noPACE_0day",3913,"[CBJ] noncardiac_PACE_0day",6.32622506392308,1.72393465849152,29.7117752290466,0.0110864398992938,1505,5633,414108,1477011,7,4,1.84470370185462,0.72627206204623
1,"Death_PLE",4087647,"Rectal mass",3912,"[CBJ] noncardiac_noPACE_0day",3913,"[CBJ] noncardiac_PACE_0day",0.184225351020276,0.0646047326704218,0.411755257887861,0.000343405272617747,1505,5633,413986,1455431,6,92,-1.69159553694196,0.472493750890536
1,"Death_PLE",4115367,"Wrist joint pain",3912,"[CBJ] noncardiac_noPACE_0day",3913,"[CBJ] noncardiac_PACE_0day",NA,NA,NA,NA,1505,5633,415821,1477975,0,0,NA,NA
1,"Death_PLE",4169984,"Scar",3912,"[CBJ] noncardiac_noPACE_0day",3913,"[CBJ] noncardiac_PACE_0day",0.857378045535065,0.194662517176456,2.71332761828822,0.818914302864999,1505,5633,415157,1475669,3,13,-0.153876331006762,0.672120433530312
1,"Death_PLE",4213540,"Cervical somatic dysfunction",3912,"[CBJ] noncardiac_noPACE_0day",3913,"[CBJ] noncardiac_PACE_0day",NA,NA,NA,NA,1505,5633,415821,1477975,0,0,NA,NA
1,"Death_PLE",4234533,"Tonsillitis",3912,"[CBJ] noncardiac_noPACE_0day",3913,"[CBJ] noncardiac_PACE_0day",0.412013097808268,0.0221412804819445,2.26541062704053,0.452636798570893,1505,5633,415811,1476569,1,8,-0.886700139341161,1.1806511724183
1,"Death_PLE",4248870,"Visceroptosis",3912,"[CBJ] noncardiac_noPACE_0day",3913,"[CBJ] noncardiac_PACE_0day",1.35752562262507,0.360536275304712,4.25669659917765,0.627423141905338,1505,5633,414585,1475498,4,10,0.305663647509754,0.629770785350766
1,"Death_PLE",4291005,"Viral hepatitis",3912,"[CBJ] noncardiac_noPACE_0day",3913,"[CBJ] noncardiac_PACE_0day",0.814553353178231,0.491866642318693,1.2876958556731,0.403465237807528,1505,5633,410487,1455419,21,96,-0.205115348876343,0.24551525485108
1,"Death_PLE",36713918,"Somatic dysfunction of lumbar region",3912,"[CBJ] noncardiac_noPACE_0day",3913,"[CBJ] noncardiac_PACE_0day",NA,NA,NA,NA,1505,5633,415821,1477975,0,0,NA,NA
