"analysisId","analysisDescription","outcomeId","outcomeName","comparatorId","comparatorName","targetId","targetName","rr","ci95lb","ci95ub","p","target","comparator","targetDays","comparatorDays","eventsTarget","eventsComparator","logRr","seLogRr"
1,"Death_PLE",3269,"any death",3912,"[CBJ] noncardiac_noPACE_0day",3913,"[CBJ] noncardiac_PACE_0day",1.44924288951471,1.24805801940052,1.67954900349075,9.67177848032463e-07,4584,15760,1258987,4154916,305,628,0.371041274904955,0.0757505113982014
1,"Death_PLE",72748,"Strain of rotator cuff capsule",3912,"[CBJ] noncardiac_noPACE_0day",3913,"[CBJ] noncardiac_PACE_0day",NA,NA,NA,NA,4584,15760,1258987,4154916,0,0,NA,NA
1,"Death_PLE",73560,"Calcaneal spur",3912,"[CBJ] noncardiac_noPACE_0day",3913,"[CBJ] noncardiac_PACE_0day",NA,NA,NA,NA,4584,15760,1258987,4154916,0,0,NA,NA
1,"Death_PLE",81151,"Sprain of ankle",3912,"[CBJ] noncardiac_noPACE_0day",3913,"[CBJ] noncardiac_PACE_0day",0.56155281280883,0.0296991502981686,3.29932369240713,0.631073091746966,4584,15760,1258891,4153153,1,6,-0.577049452576946,1.20164308783245
1,"Death_PLE",81634,"Ptotic breast",3912,"[CBJ] noncardiac_noPACE_0day",3913,"[CBJ] noncardiac_PACE_0day",NA,NA,NA,NA,4584,15760,1258987,4154916,0,0,NA,NA
1,"Death_PLE",81893,"Ulcerative colitis",3912,"[CBJ] noncardiac_noPACE_0day",3913,"[CBJ] noncardiac_PACE_0day",0.240190044231896,0.0130957642991326,1.23556365268058,0.218838106244806,4584,15760,1258923,4151062,1,14,-1.42632481802248,1.15996868762968
1,"Death_PLE",134461,"Tietze's disease",3912,"[CBJ] noncardiac_noPACE_0day",3913,"[CBJ] noncardiac_PACE_0day",0.28650479686019,NA,7.19861403700602,NA,4584,15760,1258987,4154395,0,3,-1.25,NA
1,"Death_PLE",140641,"Verruca vulgaris",3912,"[CBJ] noncardiac_noPACE_0day",3913,"[CBJ] noncardiac_PACE_0day",2.12823519681244,0.846785038084763,5.14788873941309,0.100928402150967,4584,15760,1256867,4151819,9,13,0.755293090189857,0.4604408805455
1,"Death_PLE",141932,"Senile hyperkeratosis",3912,"[CBJ] noncardiac_noPACE_0day",3913,"[CBJ] noncardiac_PACE_0day",0.491970964030475,0.164737608017305,1.18971559286306,0.159616039236928,4584,15760,1258212,4148874,5,32,-0.709335580429574,0.504375494110861
1,"Death_PLE",194083,"Vaginitis and vulvovaginitis",3912,"[CBJ] noncardiac_noPACE_0day",3913,"[CBJ] noncardiac_PACE_0day",NA,NA,NA,NA,4584,15760,1258987,4154916,0,0,NA,NA
1,"Death_PLE",196236,"Septic shock",3912,"[CBJ] noncardiac_noPACE_0day",3913,"[CBJ] noncardiac_PACE_0day",1.68622304280426,1.09920413683555,2.55529171614993,0.0151865402111313,4584,15760,1252799,4146372,40,70,0.522491141935699,0.215202930368904
1,"Death_PLE",253954,"Pulmonary tuberculosis",3912,"[CBJ] noncardiac_noPACE_0day",3913,"[CBJ] noncardiac_PACE_0day",1.01456729552084,0.570649299074458,1.72368958259441,0.959099897570418,4584,15760,1255566,4141240,18,60,0.0144622117661949,0.282007106642209
1,"Death_PLE",254443,"Sjögren's syndrome",3912,"[CBJ] noncardiac_noPACE_0day",3913,"[CBJ] noncardiac_PACE_0day",0.275551347352305,NA,1.47181177715198,NA,4584,15760,1258987,4152931,0,7,-1.28898128898129,NA
1,"Death_PLE",378427,"Tear film insufficiency",3912,"[CBJ] noncardiac_noPACE_0day",3913,"[CBJ] noncardiac_PACE_0day",1.63163533020463,1.10951324045335,2.36341104089182,0.0111516259360991,4584,15760,1249029,4134168,43,94,0.48958278194381,0.192907762785197
1,"Death_PLE",380038,"Viral conjunctivitis",3912,"[CBJ] noncardiac_noPACE_0day",3913,"[CBJ] noncardiac_PACE_0day",3.46410161513775,0.136458230037247,87.9389978656801,0.451483606782651,4584,15760,1258730,4154617,1,2,1.242453324894,1.65012728225868
1,"Death_PLE",380706,"Regular astigmatism",3912,"[CBJ] noncardiac_noPACE_0day",3913,"[CBJ] noncardiac_PACE_0day",0.28650479686019,NA,25.2598765010408,NA,4584,15760,1258987,4154624,0,1,-1.25,NA
1,"Death_PLE",434327,"Cannabis abuse",3912,"[CBJ] noncardiac_noPACE_0day",3913,"[CBJ] noncardiac_PACE_0day",NA,NA,NA,NA,4584,15760,1258987,4154916,0,0,NA,NA
1,"Death_PLE",437264,"Tobacco dependence syndrome",3912,"[CBJ] noncardiac_noPACE_0day",3913,"[CBJ] noncardiac_PACE_0day",NA,NA,NA,NA,4584,15760,1258987,4154916,0,0,NA,NA
1,"Death_PLE",438688,"Sarcoidosis",3912,"[CBJ] noncardiac_noPACE_0day",3913,"[CBJ] noncardiac_PACE_0day",2.44948974278318,0.0960489784230004,62.4681292660497,0.5877174748716,4584,15760,1258875,4154591,1,1,0.895879734614027,1.65246748709302
1,"Death_PLE",439790,"Psychalgia",3912,"[CBJ] noncardiac_noPACE_0day",3913,"[CBJ] noncardiac_PACE_0day",NA,NA,NA,NA,4584,15760,1258987,4154916,0,0,NA,NA
1,"Death_PLE",440193,"Wristdrop",3912,"[CBJ] noncardiac_noPACE_0day",3913,"[CBJ] noncardiac_PACE_0day",NA,NA,NA,NA,4584,15760,1258987,4154916,0,0,NA,NA
1,"Death_PLE",443172,"Splinter of face, without major open wound",3912,"[CBJ] noncardiac_noPACE_0day",3913,"[CBJ] noncardiac_PACE_0day",NA,NA,NA,NA,4584,15760,1258987,4154916,0,0,NA,NA
1,"Death_PLE",4030042,"Toxic goiter",3912,"[CBJ] noncardiac_noPACE_0day",3913,"[CBJ] noncardiac_PACE_0day",0.613208067596978,0.288645062482426,1.1795703587379,0.173254698530012,4584,15760,1255979,4141893,12,49,-0.48905097552018,0.359115724495157
1,"Death_PLE",4087647,"Rectal mass",3912,"[CBJ] noncardiac_noPACE_0day",3913,"[CBJ] noncardiac_PACE_0day",0.462736394410034,0.318097396025701,0.652597885559474,2.62758298210398e-05,4584,15760,1250548,4086081,36,274,-0.770597729559827,0.183320595964903
1,"Death_PLE",4115367,"Wrist joint pain",3912,"[CBJ] noncardiac_noPACE_0day",3913,"[CBJ] noncardiac_PACE_0day",NA,NA,NA,NA,4584,15760,1258987,4154916,0,0,NA,NA
1,"Death_PLE",4169984,"Scar",3912,"[CBJ] noncardiac_noPACE_0day",3913,"[CBJ] noncardiac_PACE_0day",1.04688627340769,0.474774356003593,2.12618177583476,0.904640031874625,4584,15760,1255841,4146946,12,36,0.0458203046015582,0.382467080321659
1,"Death_PLE",4213540,"Cervical somatic dysfunction",3912,"[CBJ] noncardiac_noPACE_0day",3913,"[CBJ] noncardiac_PACE_0day",NA,NA,NA,NA,4584,15760,1258987,4154916,0,0,NA,NA
1,"Death_PLE",4234533,"Tonsillitis",3912,"[CBJ] noncardiac_noPACE_0day",3913,"[CBJ] noncardiac_PACE_0day",0.444020016777562,0.183556608582442,0.915458088413541,0.0476428434436138,4584,15760,1257412,4142688,8,59,-0.811885634733765,0.409931376848758
1,"Death_PLE",4248870,"Visceroptosis",3912,"[CBJ] noncardiac_noPACE_0day",3913,"[CBJ] noncardiac_PACE_0day",1.77377174893138,0.844229447125352,3.5363216127243,0.116797837787281,4584,15760,1255853,4149038,12,26,0.573108210970929,0.365419484825173
1,"Death_PLE",4291005,"Viral hepatitis",3912,"[CBJ] noncardiac_noPACE_0day",3913,"[CBJ] noncardiac_PACE_0day",0.68437494499229,0.512129226653098,0.899627853943248,0.00832352789543764,4584,15760,1246038,4082628,62,322,-0.379249346353838,0.143728200527406
1,"Death_PLE",36713918,"Somatic dysfunction of lumbar region",3912,"[CBJ] noncardiac_noPACE_0day",3913,"[CBJ] noncardiac_PACE_0day",NA,NA,NA,NA,4584,15760,1258987,4154916,0,0,NA,NA
