"database_id","exposure_id","target_id","comparator_id","outcome_id","analysis_id","sequence_number","description","subjects"
"cdmpv534_211007",3913,3913,3912,3269,1,1,"Original cohorts",1508
"cdmpv534_211007",3913,3913,3912,3269,1,2,"First exp. only & 180 days of obs. prior",1508
"cdmpv534_211007",3913,3913,3912,3269,1,3,"Matched on propensity score",1505
"cdmpv534_211007",3912,3913,3912,3269,1,1,"Original cohorts",67485
"cdmpv534_211007",3912,3913,3912,3269,1,2,"First exp. only & 180 days of obs. prior",67485
"cdmpv534_211007",3912,3913,3912,3269,1,3,"Matched on propensity score",5633
