"database_id","exposure_id","target_id","comparator_id","outcome_id","analysis_id","sequence_number","description","subjects"
"cdmpv534_211007",3944,3944,3943,3269,1,1,"Original cohorts",636
"cdmpv534_211007",3944,3944,3943,3269,1,2,"First exp. only & first cohort only & 180 days of obs. prior",636
"cdmpv534_211007",3944,3944,3943,3269,1,3,"Have at least 1 days at risk",636
"cdmpv534_211007",3944,3944,3943,3269,1,4,"Matched on propensity score",630
"cdmpv534_211007",3943,3944,3943,3269,1,1,"Original cohorts",26825
"cdmpv534_211007",3943,3944,3943,3269,1,2,"First exp. only & first cohort only & 180 days of obs. prior",26825
"cdmpv534_211007",3943,3944,3943,3269,1,3,"Have at least 1 days at risk",26825
"cdmpv534_211007",3943,3944,3943,3269,1,4,"Matched on propensity score",2393
