"analysisId","analysisDescription","outcomeId","outcomeName","comparatorId","comparatorName","targetId","targetName","rr","ci95lb","ci95ub","p","target","comparator","targetDays","comparatorDays","eventsTarget","eventsComparator","logRr","seLogRr"
1,"Death_PLE",3269,"any death",3943,"[CBJ] noncardiac_noPACE_0day_nonminor7",3944,"[CBJ] noncardiac_PACE_0day_nonminor7",0.997618824465645,0.638944374326273,1.50902302022057,0.991323929502076,575,2149,187292,699505,28,99,-0.00238401504128991,0.21923880266591
1,"Death_PLE",72748,"Strain of rotator cuff capsule",3943,"[CBJ] noncardiac_noPACE_0day_nonminor7",3944,"[CBJ] noncardiac_PACE_0day_nonminor7",NA,NA,NA,NA,575,2149,187292,699505,0,0,NA,NA
1,"Death_PLE",73560,"Calcaneal spur",3943,"[CBJ] noncardiac_noPACE_0day_nonminor7",3944,"[CBJ] noncardiac_PACE_0day_nonminor7",NA,NA,NA,NA,575,2149,187292,699505,0,0,NA,NA
1,"Death_PLE",81151,"Sprain of ankle",3943,"[CBJ] noncardiac_noPACE_0day_nonminor7",3944,"[CBJ] noncardiac_PACE_0day_nonminor7",NA,NA,NA,NA,575,2149,187292,699505,0,0,NA,NA
1,"Death_PLE",81634,"Ptotic breast",3943,"[CBJ] noncardiac_noPACE_0day_nonminor7",3944,"[CBJ] noncardiac_PACE_0day_nonminor7",NA,NA,NA,NA,575,2149,187292,699505,0,0,NA,NA
1,"Death_PLE",81893,"Ulcerative colitis",3943,"[CBJ] noncardiac_noPACE_0day_nonminor7",3944,"[CBJ] noncardiac_PACE_0day_nonminor7",NA,NA,NA,NA,575,2149,187292,699505,0,0,NA,NA
1,"Death_PLE",134461,"Tietze's disease",3943,"[CBJ] noncardiac_noPACE_0day_nonminor7",3944,"[CBJ] noncardiac_PACE_0day_nonminor7",NA,NA,NA,NA,575,2149,187292,699505,0,0,NA,NA
1,"Death_PLE",140641,"Verruca vulgaris",3943,"[CBJ] noncardiac_noPACE_0day_nonminor7",3944,"[CBJ] noncardiac_PACE_0day_nonminor7",0.268626594113788,NA,1.99100508151683,NA,575,2149,187292,698518,0,5,-1.31443298969072,NA
1,"Death_PLE",141932,"Senile hyperkeratosis",3943,"[CBJ] noncardiac_noPACE_0day_nonminor7",3944,"[CBJ] noncardiac_PACE_0day_nonminor7",0.566602813950531,0.0298440333087006,3.35930971073407,0.637319204945669,575,2149,187254,698585,1,6,-0.568096725218718,1.20499812628524
1,"Death_PLE",194083,"Vaginitis and vulvovaginitis",3943,"[CBJ] noncardiac_noPACE_0day_nonminor7",3944,"[CBJ] noncardiac_PACE_0day_nonminor7",NA,NA,NA,NA,575,2149,187292,699505,0,0,NA,NA
1,"Death_PLE",196236,"Septic shock",3943,"[CBJ] noncardiac_noPACE_0day_nonminor7",3944,"[CBJ] noncardiac_PACE_0day_nonminor7",1.81173769148993,0.0840039733365185,18.9958761323185,0.667399426682997,575,2149,186973,699442,1,2,0.594286435270876,1.38296242490538
1,"Death_PLE",253954,"Pulmonary tuberculosis",3943,"[CBJ] noncardiac_noPACE_0day_nonminor7",3944,"[CBJ] noncardiac_PACE_0day_nonminor7",0.779990137803093,0.225633171140695,2.08143857397859,0.661123265749122,575,2149,186285,694738,4,20,-0.248474003220622,0.566822663388919
1,"Death_PLE",254443,"Sjögren's syndrome",3943,"[CBJ] noncardiac_noPACE_0day_nonminor7",3944,"[CBJ] noncardiac_PACE_0day_nonminor7",0.28650479686019,NA,25.2598765010408,NA,575,2149,187292,699188,0,1,-1.25,NA
1,"Death_PLE",378427,"Tear film insufficiency",3943,"[CBJ] noncardiac_noPACE_0day_nonminor7",3944,"[CBJ] noncardiac_PACE_0day_nonminor7",1.32101426422875,0.715334326865947,2.32344297152521,0.354257216516914,575,2149,184362,690227,16,43,0.278399823535447,0.300529854087824
1,"Death_PLE",380038,"Viral conjunctivitis",3943,"[CBJ] noncardiac_noPACE_0day_nonminor7",3944,"[CBJ] noncardiac_PACE_0day_nonminor7",NA,NA,NA,NA,575,2149,187292,699505,0,0,NA,NA
1,"Death_PLE",380706,"Regular astigmatism",3943,"[CBJ] noncardiac_noPACE_0day_nonminor7",3944,"[CBJ] noncardiac_PACE_0day_nonminor7",0.28650479686019,NA,7.19861403700603,NA,575,2149,187292,699076,0,2,-1.25,NA
1,"Death_PLE",434327,"Cannabis abuse",3943,"[CBJ] noncardiac_noPACE_0day_nonminor7",3944,"[CBJ] noncardiac_PACE_0day_nonminor7",NA,NA,NA,NA,575,2149,187292,699505,0,0,NA,NA
1,"Death_PLE",437264,"Tobacco dependence syndrome",3943,"[CBJ] noncardiac_noPACE_0day_nonminor7",3944,"[CBJ] noncardiac_PACE_0day_nonminor7",NA,NA,NA,NA,575,2149,187292,699505,0,0,NA,NA
1,"Death_PLE",438688,"Sarcoidosis",3943,"[CBJ] noncardiac_noPACE_0day_nonminor7",3944,"[CBJ] noncardiac_PACE_0day_nonminor7",NA,NA,NA,NA,575,2149,187292,699505,0,0,NA,NA
1,"Death_PLE",439790,"Psychalgia",3943,"[CBJ] noncardiac_noPACE_0day_nonminor7",3944,"[CBJ] noncardiac_PACE_0day_nonminor7",NA,NA,NA,NA,575,2149,187292,699505,0,0,NA,NA
1,"Death_PLE",440193,"Wristdrop",3943,"[CBJ] noncardiac_noPACE_0day_nonminor7",3944,"[CBJ] noncardiac_PACE_0day_nonminor7",NA,NA,NA,NA,575,2149,187292,699505,0,0,NA,NA
1,"Death_PLE",443172,"Splinter of face, without major open wound",3943,"[CBJ] noncardiac_noPACE_0day_nonminor7",3944,"[CBJ] noncardiac_PACE_0day_nonminor7",NA,NA,NA,NA,575,2149,187292,699505,0,0,NA,NA
1,"Death_PLE",4030042,"Toxic goiter",3943,"[CBJ] noncardiac_noPACE_0day_nonminor7",3944,"[CBJ] noncardiac_PACE_0day_nonminor7",2.3094010767585,0.299850552374065,14.1396627398299,0.394532489827518,575,2149,186643,698919,2,3,0.836988216785836,0.983042271767162
1,"Death_PLE",4087647,"Rectal mass",3943,"[CBJ] noncardiac_noPACE_0day_nonminor7",3944,"[CBJ] noncardiac_PACE_0day_nonminor7",0.600436360278139,0.138660473978091,1.81390466758474,0.436764056651915,575,2149,186744,695020,3,17,-0.510098620966347,0.65593265592875
1,"Death_PLE",4115367,"Wrist joint pain",3943,"[CBJ] noncardiac_noPACE_0day_nonminor7",3944,"[CBJ] noncardiac_PACE_0day_nonminor7",NA,NA,NA,NA,575,2149,187292,699505,0,0,NA,NA
1,"Death_PLE",4169984,"Scar",3943,"[CBJ] noncardiac_noPACE_0day_nonminor7",3944,"[CBJ] noncardiac_PACE_0day_nonminor7",1.09716754070973,0.0535949833551599,8.76110946230023,0.943141321982381,575,2149,186958,698828,1,3,0.0927318958939101,1.30018265577416
1,"Death_PLE",4213540,"Cervical somatic dysfunction",3943,"[CBJ] noncardiac_noPACE_0day_nonminor7",3944,"[CBJ] noncardiac_PACE_0day_nonminor7",NA,NA,NA,NA,575,2149,187292,699505,0,0,NA,NA
1,"Death_PLE",4234533,"Tonsillitis",3943,"[CBJ] noncardiac_noPACE_0day_nonminor7",3944,"[CBJ] noncardiac_PACE_0day_nonminor7",0.344889216506796,0.0188664135580095,1.77597673207608,0.358522850433363,575,2149,187156,696931,1,11,-1.06453202509264,1.15938929929533
1,"Death_PLE",4248870,"Visceroptosis",3943,"[CBJ] noncardiac_noPACE_0day_nonminor7",3944,"[CBJ] noncardiac_PACE_0day_nonminor7",0.702562418976665,0.16333664222162,2.11211237591024,0.588761565532852,575,2149,186548,694633,3,16,-0.353021029085576,0.652978960623877
1,"Death_PLE",4291005,"Viral hepatitis",3943,"[CBJ] noncardiac_noPACE_0day_nonminor7",3944,"[CBJ] noncardiac_PACE_0day_nonminor7",0.2615550059935,0.0632774434364398,0.719259058212341,0.0305579867821369,575,2149,186382,690076,3,42,-1.3411106696297,0.620086056087273
1,"Death_PLE",36713918,"Somatic dysfunction of lumbar region",3943,"[CBJ] noncardiac_noPACE_0day_nonminor7",3944,"[CBJ] noncardiac_PACE_0day_nonminor7",NA,NA,NA,NA,575,2149,187292,699505,0,0,NA,NA
