"database_id","exposure_id","target_id","comparator_id","outcome_id","analysis_id","sequence_number","description","subjects"
"cdmpv531_220114",3933,3933,3934,3942,1,1,"Original cohorts",74
"cdmpv531_220114",3933,3933,3934,3942,1,2,"Removed subs in both cohorts",58
"cdmpv531_220114",3933,3933,3934,3942,1,3,"Have at least 1 days at risk",58
"cdmpv531_220114",3933,3933,3934,3942,1,4,"Matched on propensity score",58
"cdmpv531_220114",3934,3933,3934,3942,1,1,"Original cohorts",1051
"cdmpv531_220114",3934,3933,3934,3942,1,2,"Removed subs in both cohorts",1035
"cdmpv531_220114",3934,3933,3934,3942,1,3,"Have at least 1 days at risk",1034
"cdmpv531_220114",3934,3933,3934,3942,1,4,"Matched on propensity score",226
"cdmpv531_220114",3937,3937,3938,3928,1,1,"Original cohorts",57
"cdmpv531_220114",3937,3937,3938,3928,1,2,"Removed subs in both cohorts",51
"cdmpv531_220114",3937,3937,3938,3928,1,3,"Have at least 1 days at risk",51
"cdmpv531_220114",3937,3937,3938,3928,1,4,"Matched on propensity score",51
"cdmpv531_220114",3938,3937,3938,3928,1,1,"Original cohorts",1084
"cdmpv531_220114",3938,3937,3938,3928,1,2,"Removed subs in both cohorts",1078
"cdmpv531_220114",3938,3937,3938,3928,1,3,"Have at least 1 days at risk",1077
"cdmpv531_220114",3938,3937,3938,3928,1,4,"Matched on propensity score",204
"cdmpv531_220114",3940,3940,3941,3939,1,1,"Original cohorts",121
"cdmpv531_220114",3940,3940,3941,3939,1,2,"Removed subs in both cohorts",107
"cdmpv531_220114",3940,3940,3941,3939,1,3,"Have at least 1 days at risk",107
"cdmpv531_220114",3940,3940,3941,3939,1,4,"Matched on propensity score",107
"cdmpv531_220114",3941,3940,3941,3939,1,1,"Original cohorts",992
"cdmpv531_220114",3941,3940,3941,3939,1,2,"Removed subs in both cohorts",978
"cdmpv531_220114",3941,3940,3941,3939,1,3,"Have at least 1 days at risk",977
"cdmpv531_220114",3941,3940,3941,3939,1,4,"Matched on propensity score",416
