"covariate_id","covariate_name","covariate_analysis_id","analysis_id","database_id"
16003,"age group: 80-84",3,1,"cdmpv531_220114"
13003,"age group: 65-69",3,1,"cdmpv531_220114"
17003,"age group: 85-89",3,1,"cdmpv531_220114"
15003,"age group: 75-79",3,1,"cdmpv531_220114"
6003,"age group: 30-34",3,1,"cdmpv531_220114"
4003,"age group: 20-24",3,1,"cdmpv531_220114"
10003,"age group: 50-54",3,1,"cdmpv531_220114"
5003,"age group: 25-29",3,1,"cdmpv531_220114"
9003,"age group: 45-49",3,1,"cdmpv531_220114"
14003,"age group: 70-74",3,1,"cdmpv531_220114"
18003,"age group: 90-94",3,1,"cdmpv531_220114"
7003,"age group: 35-39",3,1,"cdmpv531_220114"
8003,"age group: 40-44",3,1,"cdmpv531_220114"
11003,"age group: 55-59",3,1,"cdmpv531_220114"
12003,"age group: 60-64",3,1,"cdmpv531_220114"
1901,"Charlson index - Romano adaptation",901,1,"cdmpv531_220114"
8507001,"gender = MALE",1,1,"cdmpv531_220114"
8532001,"gender = FEMALE",1,1,"cdmpv531_220114"
