"database_id","exposure_id","target_id","comparator_id","outcome_id","analysis_id","sequence_number","description","subjects"
"cdmpv531",3913,3913,3912,3269,1,1,"Original cohorts",1724
"cdmpv531",3913,3913,3912,3269,1,2,"First exp. only & 180 days of obs. prior",1724
"cdmpv531",3913,3913,3912,3269,1,3,"Matched on propensity score",1724
"cdmpv531",3912,3913,3912,3269,1,1,"Original cohorts",51429
"cdmpv531",3912,3913,3912,3269,1,2,"First exp. only & 180 days of obs. prior",51429
"cdmpv531",3912,3913,3912,3269,1,3,"Matched on propensity score",6205
