"cohortDefinitionId","cohortName","cohortCount","personCount"
3269,"any death",57,57
3943,"[CBJ] noncardiac_noPACE_0day_nonminor7",2025,2025
3944,"[CBJ] noncardiac_PACE_0day_nonminor7",182,182
73560,"Calcaneal spur",1,1
81151,"Sprain of ankle",8153,2073
81893,"Ulcerative colitis",1201,87
134461,"Tietze's disease",395,229
140641,"Verruca vulgaris",584,364
141932,"Senile hyperkeratosis",212,186
196236,"Septic shock",544,200
253954,"Pulmonary tuberculosis",1202,127
254443,"Sjögren's syndrome",1018,169
378427,"Tear film insufficiency",32054,10426
380038,"Viral conjunctivitis",523,229
380706,"Regular astigmatism",47,17
438688,"Sarcoidosis",8,3
4030042,"Toxic goiter",1721,234
4087647,"Rectal mass",1304,156
4169984,"Scar",679,235
4234533,"Tonsillitis",8972,2960
4248870,"Visceroptosis",572,117
4291005,"Viral hepatitis",9015,1375
