"database_id","exposure_id","target_id","comparator_id","outcome_id","analysis_id","sequence_number","description","subjects"
"cdmpv532_220131",3944,3944,3943,3269,1,1,"Original cohorts",603
"cdmpv532_220131",3944,3944,3943,3269,1,2,"First exp. only & first cohort only & 180 days of obs. prior",603
"cdmpv532_220131",3944,3944,3943,3269,1,3,"Have at least 1 days at risk",603
"cdmpv532_220131",3944,3944,3943,3269,1,4,"Matched on propensity score",600
"cdmpv532_220131",3943,3944,3943,3269,1,1,"Original cohorts",24467
"cdmpv532_220131",3943,3944,3943,3269,1,2,"First exp. only & first cohort only & 180 days of obs. prior",24467
"cdmpv532_220131",3943,3944,3943,3269,1,3,"Have at least 1 days at risk",24467
"cdmpv532_220131",3943,3944,3943,3269,1,4,"Matched on propensity score",2134
