"database_id","exposure_id","target_id","comparator_id","outcome_id","analysis_id","sequence_number","description","subjects"
"cdmpv532",3933,3933,3934,3942,1,1,"Original cohorts",10
"cdmpv532",3933,3933,3934,3942,1,2,"Removed subs in both cohorts",8
"cdmpv532",3933,3933,3934,3942,1,3,"Have at least 1 days at risk",8
"cdmpv532",3933,3933,3934,3942,1,4,"Matched on propensity score",8
"cdmpv532",3934,3933,3934,3942,1,1,"Original cohorts",139
"cdmpv532",3934,3933,3934,3942,1,2,"Removed subs in both cohorts",137
"cdmpv532",3934,3933,3934,3942,1,3,"Have at least 1 days at risk",137
"cdmpv532",3934,3933,3934,3942,1,4,"Matched on propensity score",32
"cdmpv532",3937,3937,3938,3928,1,1,"Original cohorts",-5
"cdmpv532",3937,3937,3938,3928,1,2,"Removed subs in both cohorts",-5
"cdmpv532",3937,3937,3938,3928,1,3,"Have at least 1 days at risk",-5
"cdmpv532",3937,3937,3938,3928,1,4,"Matched on propensity score",-5
"cdmpv532",3938,3937,3938,3928,1,1,"Original cohorts",149
"cdmpv532",3938,3937,3938,3928,1,2,"Removed subs in both cohorts",148
"cdmpv532",3938,3937,3938,3928,1,3,"Have at least 1 days at risk",148
"cdmpv532",3938,3937,3938,3928,1,4,"Matched on propensity score",-5
"cdmpv532",3940,3940,3941,3939,1,1,"Original cohorts",8
"cdmpv532",3940,3940,3941,3939,1,2,"Removed subs in both cohorts",7
"cdmpv532",3940,3940,3941,3939,1,3,"Have at least 1 days at risk",7
"cdmpv532",3940,3940,3941,3939,1,4,"Matched on propensity score",7
"cdmpv532",3941,3940,3941,3939,1,1,"Original cohorts",140
"cdmpv532",3941,3940,3941,3939,1,2,"Removed subs in both cohorts",139
"cdmpv532",3941,3940,3941,3939,1,3,"Have at least 1 days at risk",139
"cdmpv532",3941,3940,3941,3939,1,4,"Matched on propensity score",28
