"target_id","comparator_id","outcome_id","analysis_id","rr","ci_95_lb","ci_95_ub","p","i_2","log_rr","se_log_rr","target_subjects","comparator_subjects","target_days","comparator_days","target_outcomes","comparator_outcomes","calibrated_p","calibrated_rr","calibrated_ci_95_lb","calibrated_ci_95_ub","calibrated_log_rr","calibrated_se_log_rr","database_id"
3933,3934,3942,1,1.54310039303018,0.381883994952446,5.58469081877591,0.526171169921405,NA,0.433793634796684,0.684366520906226,8,32,8296,18395,-5,7,NA,NA,NA,NA,NA,NA,"cdmpv532"
3933,3934,73560,1,NA,NA,NA,NA,NA,NA,NA,8,32,9555,20848,0,0,NA,NA,NA,NA,NA,NA,"cdmpv532"
3933,3934,81151,1,NA,NA,NA,NA,NA,NA,NA,8,32,9555,20848,0,0,NA,NA,NA,NA,NA,NA,"cdmpv532"
3933,3934,81893,1,NA,NA,NA,NA,NA,NA,NA,8,32,9555,20848,0,0,NA,NA,NA,NA,NA,NA,"cdmpv532"
3933,3934,133141,1,NA,NA,NA,NA,NA,NA,NA,8,32,9555,20848,0,0,NA,NA,NA,NA,NA,NA,"cdmpv532"
3933,3934,140641,1,NA,NA,NA,NA,NA,NA,NA,8,32,9555,20848,0,0,NA,NA,NA,NA,NA,NA,"cdmpv532"
3933,3934,380038,1,NA,NA,NA,NA,NA,NA,NA,8,32,9555,20848,0,0,NA,NA,NA,NA,NA,NA,"cdmpv532"
3933,3934,432513,1,NA,NA,NA,NA,NA,NA,NA,8,32,9555,20848,0,0,NA,NA,NA,NA,NA,NA,"cdmpv532"
3933,3934,437264,1,NA,NA,NA,NA,NA,NA,NA,8,32,9555,20848,0,0,NA,NA,NA,NA,NA,NA,"cdmpv532"
3933,3934,440193,1,NA,NA,NA,NA,NA,NA,NA,8,32,9555,20848,0,0,NA,NA,NA,NA,NA,NA,"cdmpv532"
3933,3934,444132,1,1.73205080756888,0.0639856536722809,46.8855099201655,0.744116766389598,NA,0.549306144334055,1.68288935535164,8,32,8555,20341,-5,-5,NA,NA,NA,NA,NA,NA,"cdmpv532"
3933,3934,4115367,1,NA,NA,NA,NA,NA,NA,NA,8,32,9555,20848,0,0,NA,NA,NA,NA,NA,NA,"cdmpv532"
3933,3934,4202045,1,NA,NA,NA,NA,NA,NA,NA,8,32,9555,20848,0,0,NA,NA,NA,NA,NA,NA,"cdmpv532"
3933,3934,4207190,1,0.263597138115727,NA,19.2748154151161,NA,NA,-1.33333333333333,NA,8,32,9555,20590,0,-5,NA,NA,NA,NA,NA,NA,"cdmpv532"
3933,3934,4248870,1,NA,NA,NA,NA,NA,NA,NA,8,32,9555,20848,0,0,NA,NA,NA,NA,NA,NA,"cdmpv532"
3933,3934,4291005,1,NA,NA,NA,NA,NA,NA,NA,8,32,9555,20848,0,0,NA,NA,NA,NA,NA,NA,"cdmpv532"
3933,3934,46286594,1,NA,NA,NA,NA,NA,NA,NA,8,32,9555,20848,0,0,NA,NA,NA,NA,NA,NA,"cdmpv532"
3937,3938,3928,1,NA,NA,NA,NA,NA,NA,NA,-5,-5,999,2036,0,0,NA,NA,NA,NA,NA,NA,"cdmpv532"
3937,3938,73560,1,NA,NA,NA,NA,NA,NA,NA,-5,-5,999,2036,0,0,NA,NA,NA,NA,NA,NA,"cdmpv532"
3937,3938,81151,1,NA,NA,NA,NA,NA,NA,NA,-5,-5,999,2036,0,0,NA,NA,NA,NA,NA,NA,"cdmpv532"
3937,3938,81893,1,NA,NA,NA,NA,NA,NA,NA,-5,-5,999,2036,0,0,NA,NA,NA,NA,NA,NA,"cdmpv532"
3937,3938,133141,1,NA,NA,NA,NA,NA,NA,NA,-5,-5,999,2036,0,0,NA,NA,NA,NA,NA,NA,"cdmpv532"
3937,3938,140641,1,NA,NA,NA,NA,NA,NA,NA,-5,-5,999,2036,0,0,NA,NA,NA,NA,NA,NA,"cdmpv532"
3937,3938,380038,1,NA,NA,NA,NA,NA,NA,NA,-5,-5,999,2036,0,0,NA,NA,NA,NA,NA,NA,"cdmpv532"
3937,3938,432513,1,NA,NA,NA,NA,NA,NA,NA,-5,-5,999,2036,0,0,NA,NA,NA,NA,NA,NA,"cdmpv532"
3937,3938,437264,1,NA,NA,NA,NA,NA,NA,NA,-5,-5,999,2036,0,0,NA,NA,NA,NA,NA,NA,"cdmpv532"
3937,3938,440193,1,NA,NA,NA,NA,NA,NA,NA,-5,-5,999,2036,0,0,NA,NA,NA,NA,NA,NA,"cdmpv532"
3937,3938,444132,1,NA,NA,NA,NA,NA,NA,NA,-5,-5,999,2036,0,0,NA,NA,NA,NA,NA,NA,"cdmpv532"
3937,3938,4115367,1,NA,NA,NA,NA,NA,NA,NA,-5,-5,999,2036,0,0,NA,NA,NA,NA,NA,NA,"cdmpv532"
3937,3938,4202045,1,NA,NA,NA,NA,NA,NA,NA,-5,-5,999,2036,0,0,NA,NA,NA,NA,NA,NA,"cdmpv532"
3937,3938,4207190,1,NA,NA,NA,NA,NA,NA,NA,-5,-5,999,2036,0,0,NA,NA,NA,NA,NA,NA,"cdmpv532"
3937,3938,4248870,1,NA,NA,NA,NA,NA,NA,NA,-5,-5,999,2036,0,0,NA,NA,NA,NA,NA,NA,"cdmpv532"
3937,3938,4291005,1,NA,NA,NA,NA,NA,NA,NA,-5,-5,999,2036,0,0,NA,NA,NA,NA,NA,NA,"cdmpv532"
3937,3938,46286594,1,NA,NA,NA,NA,NA,NA,NA,-5,-5,999,2036,0,0,NA,NA,NA,NA,NA,NA,"cdmpv532"
3940,3941,3939,1,1.2454514245439,0.166270864553533,6.66838767714181,0.815699664235623,NA,0.219498054191908,0.941730368136064,7,28,7176,20463,-5,-5,NA,NA,NA,NA,NA,NA,"cdmpv532"
3940,3941,73560,1,NA,NA,NA,NA,NA,NA,NA,7,28,7541,21575,0,0,NA,NA,NA,NA,NA,NA,"cdmpv532"
3940,3941,81151,1,NA,NA,NA,NA,NA,NA,NA,7,28,7541,21575,0,0,NA,NA,NA,NA,NA,NA,"cdmpv532"
3940,3941,81893,1,NA,NA,NA,NA,NA,NA,NA,7,28,7541,21575,0,0,NA,NA,NA,NA,NA,NA,"cdmpv532"
3940,3941,133141,1,NA,NA,NA,NA,NA,NA,NA,7,28,7541,21575,0,0,NA,NA,NA,NA,NA,NA,"cdmpv532"
3940,3941,140641,1,NA,NA,NA,NA,NA,NA,NA,7,28,7541,21575,0,0,NA,NA,NA,NA,NA,NA,"cdmpv532"
3940,3941,380038,1,NA,NA,NA,NA,NA,NA,NA,7,28,7541,21575,0,0,NA,NA,NA,NA,NA,NA,"cdmpv532"
3940,3941,432513,1,NA,NA,NA,NA,NA,NA,NA,7,28,7541,21575,0,0,NA,NA,NA,NA,NA,NA,"cdmpv532"
3940,3941,437264,1,NA,NA,NA,NA,NA,NA,NA,7,28,7541,21575,0,0,NA,NA,NA,NA,NA,NA,"cdmpv532"
3940,3941,440193,1,NA,NA,NA,NA,NA,NA,NA,7,28,7541,21575,0,0,NA,NA,NA,NA,NA,NA,"cdmpv532"
3940,3941,444132,1,NA,NA,NA,NA,NA,NA,NA,7,28,6541,21575,-5,0,NA,NA,NA,NA,NA,NA,"cdmpv532"
3940,3941,4115367,1,NA,NA,NA,NA,NA,NA,NA,7,28,7541,21575,0,0,NA,NA,NA,NA,NA,NA,"cdmpv532"
3940,3941,4202045,1,NA,NA,NA,NA,NA,NA,NA,7,28,7541,21575,0,0,NA,NA,NA,NA,NA,NA,"cdmpv532"
3940,3941,4207190,1,NA,NA,NA,NA,NA,NA,NA,7,28,7541,21575,0,0,NA,NA,NA,NA,NA,NA,"cdmpv532"
3940,3941,4248870,1,NA,NA,NA,NA,NA,NA,NA,7,28,7541,21575,0,0,NA,NA,NA,NA,NA,NA,"cdmpv532"
3940,3941,4291005,1,0.28650479686019,NA,25.2598765010408,NA,NA,-1.25,NA,7,28,7541,21285,0,-5,NA,NA,NA,NA,NA,NA,"cdmpv532"
3940,3941,46286594,1,NA,NA,NA,NA,NA,NA,NA,7,28,7541,21575,0,0,NA,NA,NA,NA,NA,NA,"cdmpv532"
