"covariate_id","covariate_name","covariate_analysis_id","analysis_id","database_id"
10003,"age group: 50-54",3,1,"cdmpv532"
9003,"age group: 45-49",3,1,"cdmpv532"
16003,"age group: 80-84",3,1,"cdmpv532"
14003,"age group: 70-74",3,1,"cdmpv532"
13003,"age group: 65-69",3,1,"cdmpv532"
17003,"age group: 85-89",3,1,"cdmpv532"
8003,"age group: 40-44",3,1,"cdmpv532"
7003,"age group: 35-39",3,1,"cdmpv532"
11003,"age group: 55-59",3,1,"cdmpv532"
15003,"age group: 75-79",3,1,"cdmpv532"
12003,"age group: 60-64",3,1,"cdmpv532"
1901,"Charlson index - Romano adaptation",901,1,"cdmpv532"
8532001,"gender = FEMALE",1,1,"cdmpv532"
8507001,"gender = MALE",1,1,"cdmpv532"
