"database_id","exposure_id","target_id","comparator_id","outcome_id","analysis_id","sequence_number","description","subjects"
"cdmpv531",3933,3933,3934,3942,1,1,"Original cohorts",52
"cdmpv531",3933,3933,3934,3942,1,2,"Removed subs in both cohorts",41
"cdmpv531",3933,3933,3934,3942,1,3,"Have at least 1 days at risk",41
"cdmpv531",3933,3933,3934,3942,1,4,"Matched on propensity score",41
"cdmpv531",3934,3933,3934,3942,1,1,"Original cohorts",1349
"cdmpv531",3934,3933,3934,3942,1,2,"Removed subs in both cohorts",1338
"cdmpv531",3934,3933,3934,3942,1,3,"Have at least 1 days at risk",1338
"cdmpv531",3934,3933,3934,3942,1,4,"Matched on propensity score",164
"cdmpv531",3937,3937,3938,3928,1,1,"Original cohorts",57
"cdmpv531",3937,3937,3938,3928,1,2,"Removed subs in both cohorts",51
"cdmpv531",3937,3937,3938,3928,1,3,"Have at least 1 days at risk",51
"cdmpv531",3937,3937,3938,3928,1,4,"Matched on propensity score",51
"cdmpv531",3938,3937,3938,3928,1,1,"Original cohorts",1342
"cdmpv531",3938,3937,3938,3928,1,2,"Removed subs in both cohorts",1336
"cdmpv531",3938,3937,3938,3928,1,3,"Have at least 1 days at risk",1336
"cdmpv531",3938,3937,3938,3928,1,4,"Matched on propensity score",204
"cdmpv531",3940,3940,3941,3939,1,1,"Original cohorts",90
"cdmpv531",3940,3940,3941,3939,1,2,"Removed subs in both cohorts",81
"cdmpv531",3940,3940,3941,3939,1,3,"Have at least 1 days at risk",81
"cdmpv531",3940,3940,3941,3939,1,4,"Matched on propensity score",81
"cdmpv531",3941,3940,3941,3939,1,1,"Original cohorts",1311
"cdmpv531",3941,3940,3941,3939,1,2,"Removed subs in both cohorts",1302
"cdmpv531",3941,3940,3941,3939,1,3,"Have at least 1 days at risk",1302
"cdmpv531",3941,3940,3941,3939,1,4,"Matched on propensity score",324
