"outcome_id","outcome_name"
432513,"Animal bite wound"
73560,"Calcaneal spur"
4207190,"Fungal infection by site"
444132,"Injury of knee"
4202045,"Postviral fatigue syndrome"
46286594,"Problem related to lifestyle"
81151,"Sprain of ankle"
133141,"Tinea pedis"
437264,"Tobacco dependence syndrome"
81893,"Ulcerative colitis"
140641,"Verruca vulgaris"
380038,"Viral conjunctivitis"
4291005,"Viral hepatitis"
4248870,"Visceroptosis"
4115367,"Wrist joint pain"
440193,"Wristdrop"
432513,"Animal bite wound"
73560,"Calcaneal spur"
4207190,"Fungal infection by site"
444132,"Injury of knee"
4202045,"Postviral fatigue syndrome"
46286594,"Problem related to lifestyle"
81151,"Sprain of ankle"
133141,"Tinea pedis"
437264,"Tobacco dependence syndrome"
81893,"Ulcerative colitis"
140641,"Verruca vulgaris"
380038,"Viral conjunctivitis"
4291005,"Viral hepatitis"
4248870,"Visceroptosis"
4115367,"Wrist joint pain"
440193,"Wristdrop"
432513,"Animal bite wound"
73560,"Calcaneal spur"
4207190,"Fungal infection by site"
444132,"Injury of knee"
4202045,"Postviral fatigue syndrome"
46286594,"Problem related to lifestyle"
81151,"Sprain of ankle"
133141,"Tinea pedis"
437264,"Tobacco dependence syndrome"
81893,"Ulcerative colitis"
140641,"Verruca vulgaris"
380038,"Viral conjunctivitis"
4291005,"Viral hepatitis"
4248870,"Visceroptosis"
4115367,"Wrist joint pain"
440193,"Wristdrop"
