"database_id","exposure_id","target_id","comparator_id","outcome_id","analysis_id","sequence_number","description","subjects"
"cdmpv531",3933,3933,3934,3942,1,1,"Original cohorts",55
"cdmpv531",3933,3933,3934,3942,1,2,"Removed subs in both cohorts",51
"cdmpv531",3933,3933,3934,3942,1,3,"Have at least 1 days at risk",51
"cdmpv531",3933,3933,3934,3942,1,4,"Matched on propensity score",50
"cdmpv531",3934,3933,3934,3942,1,1,"Original cohorts",986
"cdmpv531",3934,3933,3934,3942,1,2,"Removed subs in both cohorts",982
"cdmpv531",3934,3933,3934,3942,1,3,"Have at least 1 days at risk",982
"cdmpv531",3934,3933,3934,3942,1,4,"Matched on propensity score",200
"cdmpv531",3937,3937,3938,3928,1,1,"Original cohorts",41
"cdmpv531",3937,3937,3938,3928,1,2,"Removed subs in both cohorts",41
"cdmpv531",3937,3937,3938,3928,1,3,"Have at least 1 days at risk",41
"cdmpv531",3937,3937,3938,3928,1,4,"Matched on propensity score",40
"cdmpv531",3938,3937,3938,3928,1,1,"Original cohorts",1028
"cdmpv531",3938,3937,3938,3928,1,2,"Removed subs in both cohorts",1028
"cdmpv531",3938,3937,3938,3928,1,3,"Have at least 1 days at risk",1028
"cdmpv531",3938,3937,3938,3928,1,4,"Matched on propensity score",155
"cdmpv531",3940,3940,3941,3939,1,1,"Original cohorts",78
"cdmpv531",3940,3940,3941,3939,1,2,"Removed subs in both cohorts",72
"cdmpv531",3940,3940,3941,3939,1,3,"Have at least 1 days at risk",72
"cdmpv531",3940,3940,3941,3939,1,4,"Matched on propensity score",72
"cdmpv531",3941,3940,3941,3939,1,1,"Original cohorts",947
"cdmpv531",3941,3940,3941,3939,1,2,"Removed subs in both cohorts",941
"cdmpv531",3941,3940,3941,3939,1,3,"Have at least 1 days at risk",941
"cdmpv531",3941,3940,3941,3939,1,4,"Matched on propensity score",288
